run,sample,total_ms,prelude_ms,pool_ms,validation_ms,move_ms,build_return_ms,assert_hwnd_ms,recycle_prelude_ms,hide_ms,recycle_return_ms,assert_recycled_ms
1,1,0.7979,0.042,0.0324,0.009,0.52,0.055,0.0094,0.0084,0.074,0.0274,0.0203
1,2,0.6248,0.0453,0.0305,0.0078,0.4383,0.0421,0.0072,0.0079,0.0128,0.0193,0.0136
1,3,0.5039,0.0344,0.0243,0.0076,0.3478,0.0362,0.0064,0.0068,0.0118,0.0156,0.013
1,4,0.4893,0.0298,0.0242,0.0064,0.3417,0.0353,0.0067,0.0061,0.0123,0.0145,0.0123
1,5,0.6315,0.0777,0.0312,0.0086,0.4096,0.0468,0.0073,0.0074,0.0128,0.0166,0.0135
1,6,0.5161,0.03,0.0214,0.0061,0.3595,0.0448,0.0069,0.0063,0.0118,0.0166,0.0127
1,7,0.5224,0.028,0.0213,0.0063,0.3676,0.0442,0.0066,0.0062,0.012,0.0164,0.0138
1,8,0.5298,0.0269,0.0212,0.0065,0.3783,0.0439,0.0067,0.0059,0.0117,0.0157,0.013
1,9,0.5195,0.028,0.0213,0.0061,0.3696,0.0433,0.0066,0.0067,0.0112,0.0147,0.012
1,10,0.5127,0.0258,0.0192,0.0062,0.3663,0.0432,0.0065,0.0061,0.0125,0.0143,0.0126
1,11,0.545,0.0256,0.0196,0.0059,0.3893,0.0489,0.0067,0.0059,0.0119,0.017,0.0142
1,12,0.5658,0.0288,0.0214,0.0067,0.388,0.0476,0.0068,0.0069,0.027,0.0193,0.0133
1,13,0.5205,0.029,0.0229,0.0062,0.3701,0.0412,0.007,0.0064,0.011,0.0147,0.012
1,14,0.5255,0.0262,0.019,0.0063,0.3598,0.0615,0.0067,0.0057,0.012,0.0153,0.013
1,15,0.515,0.0265,0.0204,0.0064,0.3632,0.0458,0.0067,0.0061,0.0118,0.0148,0.0133
1,16,0.5322,0.0278,0.0208,0.006,0.3869,0.0407,0.0064,0.0057,0.0113,0.0142,0.0124
1,17,0.5012,0.0245,0.0187,0.0061,0.3591,0.0431,0.0061,0.0056,0.011,0.0137,0.0133
1,18,0.5464,0.0254,0.0186,0.0058,0.3956,0.0466,0.0069,0.0061,0.0118,0.0157,0.0139
1,19,0.5392,0.0276,0.0215,0.0063,0.3847,0.046,0.0065,0.0061,0.0119,0.0156,0.013
1,20,0.5131,0.0278,0.0211,0.0065,0.3665,0.0401,0.0072,0.0062,0.0107,0.014,0.013
1,21,0.6382,0.0259,0.0176,0.0057,0.4583,0.055,0.0086,0.009,0.0178,0.0215,0.0188
1,22,1.8262,0.0348,0.4401,0.0167,1.1168,0.0632,0.0575,0.0112,0.036,0.0272,0.0227
1,23,1.1831,0.0452,0.0312,0.0078,0.8616,0.0701,0.0111,0.0103,0.02,0.0261,0.0997
1,24,1.0964,0.0498,0.0414,0.0111,0.8345,0.07,0.0113,0.0097,0.0196,0.0287,0.0203
1,25,1.111,0.0445,0.0357,0.009,0.7609,0.1036,0.0153,0.0129,0.0723,0.034,0.0228
1,26,1.0732,0.048,0.0354,0.0096,0.6973,0.0756,0.012,0.0106,0.1293,0.0327,0.0227
1,27,1.2384,0.0469,0.036,0.0108,0.8733,0.1057,0.0125,0.0108,0.0911,0.0303,0.021
1,28,0.7218,0.0419,0.0322,0.008,0.5114,0.0551,0.0092,0.0082,0.0143,0.0228,0.0187
1,29,0.6543,0.0379,0.0294,0.0084,0.453,0.053,0.0086,0.0089,0.0169,0.0209,0.0173
1,30,0.6713,0.0376,0.0294,0.0073,0.4715,0.0538,0.0081,0.008,0.0152,0.0222,0.0182
1,31,0.6991,0.0423,0.0273,0.0075,0.4879,0.061,0.0097,0.0075,0.0147,0.0223,0.0189
1,32,0.787,0.039,0.0283,0.0073,0.5597,0.0654,0.0109,0.0098,0.0198,0.0258,0.021
1,33,0.8154,0.0415,0.03,0.009,0.5576,0.0577,0.0088,0.0083,0.0552,0.0271,0.0202
1,34,0.6351,0.0395,0.0278,0.0086,0.4433,0.0467,0.0077,0.0078,0.0156,0.0214,0.0167
1,35,0.6157,0.035,0.0258,0.0068,0.4239,0.0516,0.0082,0.0077,0.0157,0.0233,0.0177
1,36,0.693,0.0356,0.0276,0.0076,0.4918,0.0562,0.0088,0.0085,0.0158,0.0213,0.0198
1,37,0.7699,0.04,0.0267,0.0077,0.5629,0.0571,0.0082,0.0082,0.0172,0.0237,0.0182
1,38,0.6588,0.0381,0.029,0.0073,0.4674,0.0497,0.0083,0.0078,0.0132,0.0203,0.0177
1,39,0.7872,0.0341,0.0259,0.0071,0.5984,0.0541,0.0081,0.0082,0.0137,0.0208,0.0168
1,40,1.0001,0.035,0.0246,0.0064,0.7679,0.0723,0.012,0.0114,0.0182,0.0303,0.022
1,41,0.8009,0.0473,0.0332,0.0088,0.5727,0.0598,0.0099,0.0083,0.0158,0.0248,0.0203
1,42,0.6564,0.0411,0.0317,0.0085,0.4709,0.0416,0.0077,0.0073,0.0132,0.02,0.0144
1,43,0.5841,0.035,0.0483,0.0097,0.3944,0.0383,0.0069,0.0068,0.0122,0.019,0.0135
1,44,0.5269,0.0304,0.0236,0.0087,0.3659,0.0375,0.0069,0.0077,0.0128,0.0203,0.0131
1,45,0.5873,0.032,0.0226,0.007,0.4204,0.043,0.0075,0.0067,0.0138,0.0208,0.0135
1,46,0.56,0.0307,0.0241,0.0074,0.3968,0.0414,0.007,0.0065,0.0139,0.0168,0.0154
1,47,0.5069,0.0301,0.0217,0.0074,0.352,0.0377,0.0071,0.0066,0.0129,0.0177,0.0137
1,48,0.5062,0.0286,0.0208,0.0078,0.3552,0.0373,0.0072,0.0069,0.013,0.0163,0.0131
1,49,0.5227,0.03,0.0224,0.0072,0.3643,0.039,0.0078,0.0069,0.0134,0.0174,0.0143
1,50,0.6238,0.0299,0.0231,0.0072,0.4517,0.0474,0.0101,0.007,0.0142,0.0175,0.0157
1,51,0.545,0.0332,0.0241,0.0074,0.3848,0.0357,0.0078,0.007,0.0139,0.0173,0.0138
1,52,0.5649,0.0329,0.0213,0.007,0.3973,0.0425,0.0081,0.0068,0.0141,0.0186,0.0163
1,53,0.5821,0.0312,0.023,0.0071,0.3937,0.0628,0.008,0.008,0.0141,0.0174,0.0168
1,54,0.7473,0.0313,0.0228,0.0069,0.5654,0.0544,0.0089,0.0077,0.0136,0.0205,0.0158
1,55,0.4998,0.0343,0.0239,0.0068,0.3463,0.0359,0.0061,0.0057,0.011,0.0164,0.0134
1,56,0.4109,0.0284,0.0209,0.0065,0.2835,0.0273,0.0055,0.0055,0.0093,0.0135,0.0105
1,57,0.378,0.0233,0.0174,0.0052,0.2613,0.0261,0.0056,0.0054,0.0094,0.0137,0.0106
1,58,0.4016,0.0233,0.0173,0.0053,0.286,0.0268,0.0056,0.0054,0.0093,0.0125,0.0101
1,59,0.3793,0.0232,0.0163,0.0053,0.2608,0.0287,0.0059,0.0051,0.0099,0.0132,0.0109
1,60,0.4003,0.0232,0.0181,0.0056,0.2774,0.0301,0.0058,0.0056,0.0095,0.0138,0.0112
1,61,0.4101,0.0247,0.0181,0.0062,0.2864,0.0298,0.0056,0.0053,0.0096,0.0137,0.0107
1,62,0.38,0.023,0.0173,0.0057,0.2642,0.0265,0.0055,0.0056,0.0092,0.0125,0.0105
1,63,0.3998,0.0224,0.0164,0.0051,0.2841,0.028,0.0056,0.0053,0.0097,0.0132,0.01
1,64,0.4014,0.0232,0.0173,0.0054,0.28,0.0305,0.0058,0.0053,0.0098,0.0132,0.0109
1,65,0.3903,0.0232,0.0184,0.0062,0.2741,0.0257,0.0053,0.0055,0.0096,0.0122,0.0101
1,66,0.3621,0.0211,0.016,0.0054,0.2537,0.0246,0.0053,0.0051,0.009,0.0124,0.0095
1,67,0.3583,0.0213,0.0155,0.0052,0.2505,0.0244,0.0052,0.0054,0.0087,0.0127,0.0094
1,68,0.6654,0.0212,0.0163,0.0056,0.3823,0.0583,0.0069,0.0062,0.1329,0.0211,0.0146
1,69,0.7126,0.0313,0.0241,0.0076,0.4485,0.0445,0.0142,0.0969,0.013,0.0182,0.0143
1,70,0.4373,0.0278,0.0196,0.0053,0.3014,0.0366,0.0061,0.0049,0.0104,0.014,0.0112
1,71,0.372,0.0229,0.0172,0.005,0.2531,0.0325,0.006,0.0047,0.0089,0.0119,0.0098
1,72,0.3551,0.0204,0.0148,0.0046,0.2415,0.0331,0.0057,0.0044,0.0093,0.0116,0.0097
1,73,0.3354,0.0213,0.0149,0.0046,0.2268,0.0294,0.0059,0.0045,0.0084,0.011,0.0086
1,74,0.5962,0.0177,0.0136,0.0044,0.4574,0.0498,0.0087,0.0071,0.0119,0.014,0.0116
1,75,0.4794,0.0249,0.018,0.0051,0.3338,0.0363,0.0128,0.01,0.0124,0.0161,0.01
1,76,0.388,0.0227,0.0152,0.0049,0.2657,0.0296,0.0067,0.0058,0.0116,0.0143,0.0115
1,77,0.436,0.0259,0.0195,0.0061,0.3035,0.0317,0.0062,0.0059,0.0112,0.015,0.011
1,78,0.4411,0.0253,0.0197,0.0073,0.3017,0.0347,0.0065,0.0067,0.0113,0.0142,0.0137
1,79,0.4916,0.0277,0.021,0.0062,0.353,0.0334,0.0063,0.0057,0.0119,0.0141,0.0123
1,80,0.4326,0.0255,0.0189,0.0063,0.2987,0.0334,0.0062,0.0055,0.012,0.0139,0.0122
1,81,0.4527,0.0252,0.0186,0.0062,0.3194,0.0317,0.0064,0.0054,0.0114,0.0158,0.0126
1,82,0.6714,0.0243,0.018,0.0065,0.5097,0.0493,0.0076,0.0081,0.0137,0.0183,0.0159
1,83,0.7388,0.0514,0.0339,0.0102,0.5108,0.0565,0.0093,0.0089,0.0158,0.0237,0.0183
1,84,0.8525,0.0402,0.0309,0.0081,0.6353,0.0631,0.0082,0.0078,0.0162,0.0237,0.019
1,85,0.7022,0.0389,0.0287,0.008,0.5033,0.0538,0.0087,0.0084,0.0139,0.0216,0.0169
1,86,0.6584,0.0388,0.0279,0.0103,0.4477,0.0547,0.0095,0.0092,0.0179,0.0239,0.0185
1,87,0.6694,0.0393,0.0294,0.009,0.4607,0.0556,0.0097,0.0086,0.0156,0.0224,0.0191
1,88,0.6583,0.0403,0.0286,0.0081,0.4564,0.0535,0.0085,0.0082,0.015,0.0226,0.0171
1,89,0.867,0.0391,0.028,0.0098,0.588,0.0674,0.0108,0.0092,0.0692,0.0281,0.0174
1,90,0.6424,0.0365,0.0274,0.0069,0.4539,0.0493,0.0082,0.0075,0.0152,0.0219,0.0156
1,91,0.581,0.0326,0.0277,0.0085,0.4056,0.0471,0.0079,0.0072,0.0124,0.0178,0.0142
1,92,0.5298,0.0281,0.0219,0.0065,0.3534,0.0592,0.0064,0.0072,0.0138,0.017,0.0163
1,93,0.5514,0.0292,0.0222,0.0074,0.3876,0.0463,0.0073,0.0078,0.0123,0.0178,0.0135
1,94,0.5314,0.0309,0.0236,0.0061,0.3718,0.0416,0.0072,0.007,0.0121,0.0178,0.0133
1,95,0.9425,0.0292,0.0225,0.0078,0.601,0.1105,0.0867,0.0158,0.0206,0.0285,0.0199
1,96,0.7321,0.0433,0.0327,0.0087,0.5205,0.0522,0.0086,0.0085,0.0149,0.0242,0.0185
1,97,0.7715,0.0384,0.0288,0.009,0.5614,0.0553,0.0109,0.0093,0.0156,0.0233,0.0195
1,98,0.7126,0.0408,0.0322,0.0087,0.4848,0.0506,0.0089,0.0083,0.0355,0.0225,0.0203
1,99,0.6261,0.0393,0.0297,0.0094,0.4385,0.0449,0.0076,0.007,0.0131,0.0201,0.0165
1,100,0.5689,0.0359,0.0266,0.008,0.4052,0.0366,0.0071,0.0071,0.0123,0.0167,0.0134
2,1,0.5196,0.0353,0.0286,0.0068,0.3592,0.0379,0.0081,0.0063,0.0111,0.0144,0.0119
2,2,0.4358,0.0252,0.0183,0.0054,0.2934,0.0497,0.0061,0.0051,0.0102,0.0123,0.0101
2,3,0.6097,0.021,0.0159,0.0047,0.292,0.0339,0.0082,0.0127,0.0169,0.1029,0.1015
2,4,0.6192,0.0278,0.047,0.0063,0.4495,0.04,0.0064,0.0056,0.0115,0.0131,0.012
2,5,0.4132,0.0219,0.0176,0.0047,0.2953,0.0305,0.0071,0.0052,0.0102,0.0113,0.0094
2,6,0.4034,0.0193,0.0144,0.0045,0.2912,0.0322,0.0061,0.0049,0.0099,0.0117,0.0092
2,7,0.3962,0.02,0.0146,0.0046,0.2847,0.0316,0.0055,0.005,0.0097,0.0116,0.0089
2,8,1.369,0.0191,0.014,0.0043,1.0669,0.0609,0.0107,0.009,0.1318,0.0306,0.0217
2,9,1.1164,0.0434,0.032,0.0091,0.831,0.0607,0.0117,0.0124,0.0701,0.0275,0.0185
2,10,0.8197,0.0383,0.0269,0.0087,0.5552,0.0419,0.0079,0.0081,0.0856,0.0291,0.018
2,11,0.5999,0.0391,0.0269,0.0093,0.4017,0.0317,0.0061,0.006,0.0507,0.0162,0.0122
2,12,0.5246,0.0267,0.0187,0.006,0.2911,0.027,0.0056,0.0058,0.0996,0.0285,0.0156
2,13,0.8718,0.0339,0.0259,0.0082,0.5274,0.0994,0.0093,0.008,0.1198,0.0241,0.0158
2,14,0.6602,0.0324,0.0244,0.0077,0.4488,0.0351,0.0062,0.0069,0.065,0.0198,0.0139
2,15,0.4537,0.0289,0.022,0.0067,0.3089,0.0398,0.0081,0.0064,0.0102,0.0128,0.0099
2,16,0.5382,0.021,0.0158,0.0048,0.3464,0.0279,0.0062,0.0058,0.0785,0.0211,0.0107
2,17,0.5536,0.0217,0.0163,0.0053,0.3516,0.0305,0.0059,0.0062,0.0809,0.0231,0.0121
2,18,0.5889,0.0294,0.0209,0.0066,0.4308,0.0393,0.007,0.0077,0.0132,0.0191,0.0149
2,19,0.6496,0.0322,0.0227,0.0083,0.3905,0.0371,0.0066,0.0067,0.109,0.0221,0.0144
2,20,0.5201,0.0315,0.0197,0.0074,0.3435,0.0321,0.0066,0.0055,0.0439,0.0179,0.012
2,21,0.41,0.0258,0.0172,0.0059,0.2795,0.0305,0.0069,0.0065,0.0118,0.014,0.0119
2,22,0.4539,0.0252,0.0197,0.0065,0.2762,0.0278,0.0057,0.0056,0.0598,0.016,0.0114
2,23,0.4499,0.0242,0.0174,0.0059,0.3166,0.0322,0.0064,0.0067,0.0123,0.0162,0.012
2,24,0.4866,0.0249,0.021,0.0058,0.3382,0.0362,0.0064,0.0077,0.0137,0.0174,0.0153
2,25,0.7182,0.0299,0.0221,0.0071,0.4433,0.037,0.0074,0.0067,0.1272,0.0214,0.0161
2,26,0.6457,0.032,0.0263,0.0087,0.4794,0.0432,0.0088,0.0063,0.0117,0.0155,0.0138
2,27,0.5287,0.0364,0.02,0.0064,0.3747,0.0436,0.0069,0.0062,0.0107,0.0135,0.0103
2,28,0.4366,0.0211,0.0165,0.005,0.2972,0.0388,0.0101,0.0067,0.0135,0.0164,0.0113
2,29,0.4771,0.0264,0.0186,0.006,0.3365,0.0351,0.0062,0.0067,0.0116,0.0166,0.0134
2,30,0.4648,0.027,0.0199,0.0064,0.3252,0.034,0.0067,0.0063,0.011,0.0152,0.0131
2,31,0.4576,0.0253,0.0197,0.0062,0.3275,0.0296,0.0061,0.0064,0.011,0.0147,0.0111
2,32,0.5811,0.0263,0.0193,0.0066,0.3471,0.0307,0.0067,0.0062,0.0962,0.0255,0.0165
2,33,0.5353,0.0327,0.0233,0.0087,0.3748,0.0359,0.0075,0.0072,0.0135,0.0184,0.0133
2,34,0.573,0.0313,0.0232,0.0077,0.3851,0.053,0.0085,0.008,0.0161,0.0211,0.019
2,35,0.6199,0.0339,0.0263,0.0145,0.422,0.0546,0.0084,0.0075,0.0157,0.0202,0.0168
2,36,0.7726,0.0323,0.0217,0.0064,0.5632,0.0621,0.0106,0.0109,0.0192,0.0258,0.0204
2,37,0.8239,0.0412,0.0294,0.0083,0.5994,0.0588,0.0106,0.0105,0.0193,0.0255,0.0209
2,38,0.8171,0.0409,0.0299,0.0086,0.611,0.0518,0.0096,0.0085,0.0178,0.0215,0.0175
2,39,0.7801,0.0354,0.0287,0.0083,0.4853,0.0505,0.0099,0.0086,0.0792,0.0336,0.0406
2,40,0.9923,0.04,0.0308,0.0083,0.7526,0.0719,0.0118,0.0099,0.0186,0.0264,0.022
2,41,0.7636,0.042,0.0327,0.0093,0.5443,0.056,0.0093,0.0096,0.0187,0.0216,0.0201
2,42,0.8367,0.0309,0.0244,0.0074,0.6336,0.0636,0.0088,0.0082,0.0176,0.0243,0.0179
2,43,0.717,0.037,0.0286,0.0077,0.5216,0.0589,0.0086,0.0076,0.0124,0.019,0.0156
2,44,0.6021,0.0289,0.0216,0.006,0.4406,0.0405,0.0076,0.008,0.0147,0.0194,0.0148
2,45,0.5958,0.0306,0.0262,0.0078,0.4272,0.0414,0.0075,0.0077,0.0132,0.0193,0.0149
2,46,0.5966,0.0303,0.0229,0.0068,0.4331,0.0422,0.0074,0.0083,0.0124,0.0186,0.0146
2,47,0.5438,0.0296,0.0231,0.0067,0.3902,0.0372,0.0069,0.0072,0.0123,0.0171,0.0135
2,48,0.5126,0.0273,0.0213,0.0066,0.3682,0.0351,0.0072,0.0064,0.0118,0.0156,0.0131
2,49,0.5114,0.0264,0.02,0.0068,0.3645,0.0381,0.0066,0.0069,0.0115,0.016,0.0146
2,50,0.4892,0.0283,0.0223,0.0066,0.3485,0.0315,0.0061,0.0063,0.0111,0.0153,0.0132
2,51,0.4719,0.0255,0.0186,0.0067,0.3421,0.0303,0.0063,0.0063,0.0107,0.0139,0.0115
2,52,0.4588,0.0241,0.0189,0.0059,0.3345,0.0292,0.0061,0.006,0.0104,0.0132,0.0105
2,53,0.4477,0.0236,0.0178,0.0057,0.3261,0.0282,0.0058,0.0058,0.0106,0.0136,0.0105
2,54,0.4815,0.0232,0.0173,0.0055,0.3201,0.027,0.0055,0.0055,0.0418,0.0225,0.0131
2,55,0.4462,0.0276,0.02,0.0065,0.3138,0.0293,0.0057,0.0058,0.0117,0.0141,0.0117
2,56,0.5124,0.0281,0.0195,0.0064,0.3741,0.0332,0.0067,0.0059,0.012,0.0154,0.0111
2,57,0.6386,0.0269,0.0216,0.0062,0.4237,0.0375,0.0068,0.0061,0.0723,0.0234,0.0141
2,58,0.5702,0.0309,0.0224,0.0085,0.3372,0.0302,0.0062,0.0063,0.0872,0.0255,0.0158
2,59,0.5494,0.0325,0.0229,0.0084,0.3928,0.0344,0.0073,0.0074,0.0132,0.0172,0.0133
2,60,0.5026,0.0286,0.021,0.0071,0.3556,0.0336,0.0072,0.007,0.0123,0.017,0.0132
2,61,0.4195,0.0278,0.0209,0.0069,0.2937,0.0253,0.0057,0.0058,0.0097,0.0133,0.0104
2,62,0.3981,0.0219,0.0159,0.0054,0.2635,0.0463,0.0057,0.0056,0.0095,0.0132,0.0111
2,63,0.3759,0.0216,0.0161,0.0059,0.2624,0.0254,0.0055,0.006,0.0098,0.0132,0.01
2,64,0.3678,0.0276,0.0157,0.0052,0.2502,0.0273,0.0071,0.0055,0.0092,0.0114,0.0086
2,65,0.3316,0.0181,0.0136,0.0042,0.2281,0.0283,0.0064,0.0048,0.0086,0.0111,0.0084
2,66,0.3303,0.0182,0.0133,0.0043,0.2267,0.0277,0.0066,0.005,0.0088,0.0111,0.0086
2,67,0.3316,0.0179,0.013,0.0043,0.228,0.0285,0.0065,0.0048,0.0087,0.0114,0.0085
2,68,0.3321,0.0189,0.0135,0.0043,0.2275,0.0279,0.0067,0.0047,0.0087,0.0114,0.0085
2,69,0.3449,0.0336,0.013,0.0045,0.2262,0.0274,0.0071,0.005,0.0086,0.0109,0.0086
2,70,0.3269,0.0174,0.0126,0.0044,0.2254,0.0274,0.0065,0.0047,0.009,0.0109,0.0086
2,71,0.3264,0.0177,0.0123,0.0042,0.2248,0.0277,0.0064,0.0049,0.0089,0.011,0.0085
2,72,0.3337,0.0175,0.0128,0.0044,0.2253,0.0268,0.0072,0.0064,0.0106,0.0131,0.0096
2,73,1.6816,0.2819,0.1683,0.0649,0.9714,0.0971,0.0203,0.0163,0.019,0.0292,0.0132
2,74,1.7179,0.0989,0.0507,0.0211,1.1407,0.2047,0.0335,0.0312,0.0503,0.0337,0.0531
2,75,1.5955,0.0814,0.0634,0.0134,1.148,0.1218,0.0216,0.0165,0.0387,0.0605,0.0302
2,76,1.478,0.1116,0.0695,0.0183,1.0195,0.0834,0.0262,0.0304,0.0427,0.0464,0.03
2,77,1.6133,0.0841,0.1017,0.0244,1.1514,0.0928,0.018,0.0144,0.0361,0.0594,0.031
2,78,1.5502,0.0802,0.0742,0.0168,1.0967,0.0897,0.0265,0.0311,0.045,0.036,0.054
2,79,1.1672,0.0632,0.0642,0.0272,0.6725,0.044,0.0083,0.0081,0.1575,0.0281,0.0941
2,80,1.9542,0.0674,0.0506,0.0112,1.5248,0.0508,0.0091,0.0091,0.1834,0.0266,0.0212
2,81,1.339,0.0375,0.0265,0.008,1.0076,0.1012,0.0258,0.0191,0.0232,0.0562,0.0339
2,82,1.487,0.0862,0.0602,0.0193,1.0541,0.0824,0.0305,0.027,0.0423,0.0554,0.0296
2,83,1.4817,0.059,0.0547,0.0263,1.0897,0.0808,0.0226,0.031,0.0344,0.0351,0.0481
2,84,1.4063,0.0826,0.0564,0.0133,0.9673,0.0891,0.0124,0.019,0.0854,0.0297,0.0511
2,85,1.4982,0.0723,0.0509,0.0179,1.1016,0.0937,0.0257,0.023,0.0214,0.056,0.0357
2,86,1.653,0.091,0.0608,0.0312,1.1924,0.1011,0.0151,0.0172,0.0516,0.0625,0.0301
2,87,1.6318,0.0886,0.0464,0.0251,1.1822,0.1067,0.0336,0.0292,0.038,0.033,0.049
2,88,1.5642,0.0913,0.0751,0.0235,1.1246,0.1058,0.0176,0.0131,0.0379,0.0513,0.024
2,89,1.6246,0.101,0.0716,0.0176,1.2915,0.0702,0.0101,0.0086,0.0137,0.0219,0.0184
2,90,0.5802,0.0337,0.0246,0.007,0.4112,0.0458,0.0075,0.0071,0.0129,0.0158,0.0146
2,91,1.3682,0.0312,0.0231,0.0075,1.1645,0.0652,0.0106,0.0087,0.016,0.0233,0.0181
2,92,0.7197,0.0388,0.0281,0.0082,0.531,0.047,0.0082,0.0079,0.0133,0.0203,0.0169
2,93,1.1519,0.0312,0.023,0.0068,0.5492,0.0561,0.0095,0.0083,0.0157,0.021,0.4311
2,94,3.14,0.0401,0.0279,0.0077,2.8819,0.0659,0.0174,0.0101,0.0333,0.0318,0.0239
2,95,0.6842,0.039,0.0291,0.0085,0.4826,0.051,0.0091,0.0088,0.0155,0.0233,0.0173
2,96,0.547,0.0371,0.0247,0.0078,0.3697,0.0416,0.0096,0.0082,0.0145,0.0185,0.0153
2,97,0.556,0.0345,0.0188,0.0077,0.3883,0.0432,0.0095,0.0078,0.0138,0.0178,0.0146
2,98,0.5692,0.0312,0.0239,0.0072,0.4048,0.0391,0.0083,0.0081,0.0138,0.0183,0.0145
2,99,0.6734,0.0308,0.0206,0.0069,0.4864,0.0517,0.0091,0.0076,0.0277,0.0183,0.0143
2,100,0.748,0.0311,0.0213,0.0086,0.5772,0.0484,0.0098,0.0074,0.0131,0.0175,0.0136
3,1,0.6575,0.0917,0.0326,0.0083,0.4056,0.0494,0.0107,0.0087,0.0139,0.0207,0.0159
3,2,1.2401,0.0423,0.0242,0.0073,0.937,0.1279,0.0204,0.0125,0.0186,0.0296,0.0203
3,3,0.6464,0.0586,0.0301,0.0091,0.4522,0.0366,0.0072,0.0083,0.0129,0.0182,0.0132
3,4,0.422,0.0382,0.0194,0.0057,0.2832,0.0287,0.0061,0.0059,0.0094,0.0142,0.0112
3,5,0.3993,0.0332,0.0168,0.0057,0.2668,0.0284,0.0064,0.0056,0.0103,0.0148,0.0113
3,6,0.3908,0.0333,0.0173,0.0058,0.2624,0.0272,0.0057,0.0055,0.0095,0.0134,0.0107
3,7,0.4171,0.0317,0.017,0.0055,0.2657,0.0475,0.0063,0.0061,0.0101,0.0152,0.012
3,8,0.4226,0.0362,0.0178,0.0057,0.2856,0.0293,0.0063,0.0059,0.0106,0.0144,0.0108
3,9,0.4334,0.034,0.0174,0.0057,0.2984,0.0299,0.0066,0.0058,0.01,0.015,0.0106
3,10,0.4715,0.0325,0.0177,0.0055,0.3335,0.0331,0.0065,0.0062,0.0109,0.0145,0.0111
3,11,0.5654,0.0333,0.0177,0.0056,0.3597,0.0331,0.007,0.0063,0.0664,0.0224,0.0139
3,12,0.4547,0.0386,0.0243,0.007,0.2953,0.0439,0.0067,0.0056,0.0107,0.0131,0.0095
3,13,0.3597,0.0284,0.0151,0.0047,0.2402,0.029,0.007,0.0049,0.009,0.012,0.0094
3,14,0.3397,0.0249,0.0141,0.0042,0.2273,0.0291,0.0061,0.0048,0.0086,0.0117,0.0089
3,15,0.3509,0.024,0.0137,0.0042,0.2403,0.029,0.0061,0.0047,0.0089,0.0114,0.0086
3,16,0.3377,0.0247,0.0136,0.0042,0.2274,0.0276,0.0067,0.0049,0.0088,0.0111,0.0087
3,17,0.3338,0.0238,0.0132,0.0044,0.2248,0.0276,0.0069,0.0047,0.0086,0.0112,0.0086
3,18,0.3367,0.0235,0.013,0.0042,0.2273,0.0287,0.0066,0.0049,0.0086,0.0111,0.0088
3,19,0.35,0.0252,0.0131,0.0044,0.2347,0.0314,0.0063,0.0049,0.009,0.0117,0.0093
3,20,0.3578,0.0249,0.0139,0.0043,0.2422,0.0311,0.0063,0.0051,0.0091,0.0118,0.0091
3,21,0.3705,0.0258,0.0299,0.0045,0.2394,0.0295,0.0066,0.0048,0.0088,0.0123,0.0089
3,22,0.3444,0.0263,0.0134,0.0041,0.2316,0.0291,0.0067,0.0047,0.0088,0.0113,0.0084
3,23,0.3457,0.0235,0.0129,0.0043,0.2321,0.0301,0.0072,0.0051,0.0091,0.0124,0.009
3,24,0.3536,0.0271,0.0141,0.0042,0.2355,0.0304,0.0069,0.0049,0.0093,0.0122,0.009
3,25,0.5972,0.0252,0.0129,0.0043,0.4512,0.045,0.0077,0.0071,0.0133,0.0173,0.0132
3,26,0.5095,0.0414,0.0204,0.0061,0.351,0.0381,0.007,0.0069,0.0104,0.0157,0.0125
3,27,0.4578,0.0373,0.0197,0.0055,0.3095,0.0327,0.0066,0.0063,0.0109,0.0177,0.0116
3,28,0.4559,0.0379,0.0188,0.0057,0.3129,0.0311,0.0064,0.006,0.0104,0.0157,0.011
3,29,0.435,0.0344,0.0174,0.0055,0.2998,0.0299,0.006,0.0058,0.0101,0.0139,0.0122
3,30,0.3961,0.033,0.0163,0.0054,0.2686,0.0278,0.0057,0.0058,0.0096,0.0134,0.0105
3,31,0.3922,0.0329,0.0158,0.0054,0.2652,0.027,0.0057,0.0059,0.0095,0.0144,0.0104
3,32,0.404,0.0325,0.0207,0.0056,0.2703,0.0289,0.0061,0.0058,0.0096,0.0139,0.0106
3,33,0.394,0.0328,0.0155,0.0054,0.2658,0.0266,0.0056,0.0054,0.0114,0.0151,0.0104
3,34,0.5546,0.0326,0.0179,0.0055,0.3575,0.0384,0.0078,0.0063,0.0551,0.0205,0.013
3,35,0.4997,0.0386,0.0195,0.0066,0.3396,0.0384,0.0077,0.0068,0.012,0.0182,0.0123
3,36,0.7411,0.0393,0.0201,0.0063,0.4503,0.0429,0.0087,0.0096,0.1077,0.0349,0.0213
3,37,0.6723,0.0597,0.0357,0.0109,0.4392,0.0557,0.0112,0.0081,0.0162,0.0203,0.0153
3,38,0.7324,0.0466,0.0231,0.0076,0.4807,0.0449,0.0095,0.0093,0.0754,0.0223,0.013
3,39,0.5326,0.0389,0.0194,0.0063,0.3772,0.0385,0.0069,0.0063,0.0119,0.0153,0.0119
3,40,0.476,0.0332,0.0173,0.0053,0.3334,0.037,0.0066,0.0059,0.0121,0.0146,0.0106
3,41,0.5088,0.0303,0.0164,0.0054,0.3399,0.051,0.0104,0.0081,0.0159,0.0182,0.0132
3,42,0.8655,0.0447,0.022,0.0065,0.6718,0.058,0.0083,0.0074,0.0128,0.02,0.014
3,43,0.4925,0.041,0.0209,0.0061,0.338,0.0347,0.0068,0.0064,0.0102,0.0158,0.0126
3,44,0.5134,0.0357,0.0186,0.0057,0.3484,0.038,0.0071,0.0063,0.0122,0.0194,0.022
3,45,0.5294,0.039,0.02,0.0064,0.3685,0.0403,0.0071,0.0065,0.012,0.0171,0.0125
3,46,0.5557,0.0362,0.0186,0.0054,0.3997,0.0386,0.0074,0.0076,0.0126,0.0172,0.0124
3,47,0.4833,0.0382,0.0198,0.0067,0.3295,0.0347,0.0072,0.0066,0.0112,0.0165,0.0129
3,48,0.5524,0.0367,0.0196,0.0062,0.3637,0.0469,0.0095,0.0099,0.0188,0.0233,0.0178
3,49,0.701,0.0497,0.0291,0.0083,0.5118,0.0422,0.0078,0.0078,0.0135,0.0178,0.013
3,50,0.5477,0.0419,0.0217,0.0067,0.3764,0.0406,0.0076,0.0074,0.0127,0.019,0.0137
3,51,0.4986,0.0404,0.0207,0.0069,0.3387,0.0359,0.0068,0.007,0.0115,0.0175,0.0132
3,52,0.4801,0.0394,0.0211,0.0064,0.3259,0.0327,0.0072,0.0071,0.0113,0.0165,0.0125
3,53,0.5083,0.0582,0.0208,0.0061,0.3147,0.0332,0.0069,0.007,0.011,0.0375,0.0129
3,54,0.5123,0.0369,0.0194,0.0064,0.3561,0.0382,0.0065,0.0063,0.0133,0.0168,0.0124
3,55,0.9374,0.0374,0.0191,0.0068,0.7347,0.0625,0.0098,0.0094,0.0164,0.023,0.0183
3,56,0.6401,0.0463,0.0286,0.0073,0.4457,0.0457,0.0087,0.0083,0.0135,0.0202,0.0158
3,57,0.5054,0.0449,0.0246,0.0071,0.339,0.0345,0.0069,0.0066,0.0125,0.0165,0.0128
3,58,0.4618,0.0388,0.0189,0.0061,0.3125,0.0338,0.0073,0.0064,0.0113,0.015,0.0117
3,59,0.5047,0.0551,0.0198,0.0061,0.3348,0.035,0.0066,0.0068,0.0128,0.0178,0.0099
3,60,0.388,0.0312,0.0156,0.0043,0.2517,0.0394,0.0082,0.0053,0.0102,0.0124,0.0097
3,61,0.355,0.0277,0.0139,0.0046,0.2388,0.0284,0.0071,0.0052,0.0096,0.0111,0.0086
3,62,0.3374,0.0242,0.0131,0.0043,0.2274,0.0289,0.0066,0.0048,0.0086,0.011,0.0085
3,63,0.3358,0.0236,0.0132,0.0043,0.226,0.0296,0.006,0.0047,0.0087,0.0112,0.0085
3,64,0.8772,0.0238,0.013,0.0042,0.5706,0.0649,0.0126,0.0113,0.1288,0.0292,0.0188
3,65,0.7001,0.0476,0.0275,0.0075,0.5129,0.0464,0.0073,0.007,0.0136,0.0172,0.0131
3,66,0.5614,0.039,0.0208,0.0059,0.4102,0.035,0.0066,0.006,0.0113,0.0147,0.0119
3,67,0.6075,0.0349,0.0188,0.0057,0.4377,0.0405,0.0081,0.007,0.0218,0.0195,0.0135
3,68,0.5028,0.0419,0.0235,0.0065,0.3433,0.0342,0.0066,0.0065,0.0112,0.0163,0.0128
3,69,0.4167,0.037,0.0182,0.0059,0.2809,0.0287,0.0058,0.0057,0.0094,0.0143,0.0108
3,70,0.4328,0.0323,0.0166,0.0053,0.301,0.0303,0.0063,0.006,0.0103,0.0139,0.0108
3,71,0.4235,0.0335,0.0163,0.0057,0.2928,0.0291,0.006,0.0057,0.0102,0.0138,0.0104
3,72,0.3984,0.0322,0.0164,0.0058,0.2712,0.0274,0.0057,0.0057,0.0099,0.0139,0.0102
3,73,0.3919,0.0323,0.0159,0.0055,0.2653,0.0281,0.0059,0.0056,0.0096,0.0133,0.0104
3,74,0.388,0.0319,0.0164,0.0055,0.2631,0.0272,0.0057,0.0054,0.0094,0.0133,0.0101
3,75,0.3843,0.0311,0.0157,0.0056,0.262,0.0258,0.0055,0.0057,0.0097,0.0132,0.01
3,76,0.4021,0.0312,0.0159,0.0052,0.2781,0.0272,0.0057,0.0055,0.0096,0.0133,0.0104
3,77,0.4164,0.0312,0.0158,0.0054,0.2873,0.0288,0.0069,0.006,0.01,0.0147,0.0103
3,78,0.4145,0.0336,0.0169,0.0054,0.2822,0.0273,0.007,0.0071,0.0105,0.0137,0.0108
3,79,0.4016,0.0323,0.0161,0.0056,0.2753,0.0273,0.0059,0.0057,0.0098,0.0132,0.0104
3,80,0.4229,0.0311,0.0161,0.0055,0.2847,0.0345,0.0065,0.0066,0.0111,0.015,0.0118
3,81,0.4466,0.0364,0.0197,0.0059,0.3066,0.0303,0.0062,0.0058,0.01,0.0147,0.011
3,82,0.4072,0.0333,0.0174,0.0056,0.2752,0.028,0.0057,0.0062,0.0101,0.0149,0.0108
3,83,0.4599,0.032,0.0162,0.0055,0.2822,0.027,0.0057,0.0055,0.057,0.0178,0.011
3,84,0.4194,0.0351,0.0176,0.0058,0.2861,0.0284,0.0061,0.0059,0.0102,0.0137,0.0105
3,85,0.4249,0.0334,0.0163,0.0055,0.2741,0.0284,0.0059,0.0257,0.0097,0.0149,0.011
3,86,0.4061,0.0343,0.0166,0.0054,0.2755,0.0281,0.0059,0.0057,0.0098,0.0139,0.0109
3,87,0.3887,0.0324,0.0157,0.0058,0.2621,0.0269,0.0059,0.0056,0.0105,0.0134,0.0104
3,88,0.5912,0.0905,0.0283,0.007,0.3718,0.0415,0.0069,0.0062,0.0122,0.0153,0.0115
3,89,0.5383,0.0337,0.0178,0.0054,0.3877,0.0418,0.0071,0.0063,0.012,0.015,0.0115
3,90,0.4869,0.0331,0.0171,0.0055,0.3414,0.0395,0.0077,0.0059,0.0115,0.0142,0.011
3,91,0.4925,0.0312,0.0166,0.0055,0.3499,0.0381,0.0083,0.0062,0.012,0.014,0.0107
3,92,0.4744,0.0312,0.0165,0.0053,0.3333,0.038,0.0079,0.0061,0.0115,0.014,0.0106
3,93,0.4731,0.0307,0.0165,0.0053,0.3329,0.0378,0.0083,0.0057,0.0112,0.0142,0.0105
3,94,0.4783,0.0303,0.0163,0.0053,0.3365,0.0403,0.0067,0.0058,0.0121,0.0141,0.0109
3,95,0.488,0.0318,0.0159,0.0052,0.3456,0.0389,0.008,0.0057,0.0117,0.0145,0.0107
3,96,0.3952,0.0302,0.0136,0.0041,0.2733,0.0326,0.0065,0.0047,0.0094,0.012,0.0088
3,97,0.5152,0.0262,0.0133,0.0042,0.2834,0.0413,0.0085,0.0074,0.0998,0.0196,0.0115
3,98,1.0513,0.0446,0.0232,0.0065,0.7784,0.0703,0.0502,0.0162,0.0177,0.0266,0.0176
3,99,0.827,0.046,0.0269,0.007,0.5475,0.0473,0.01,0.0187,0.0842,0.0241,0.0153
3,100,0.8858,0.0535,0.0318,0.0088,0.6233,0.0606,0.0184,0.0108,0.0319,0.0279,0.0188
4,1,1.4148,0.1135,0.1834,0.0238,0.9377,0.0677,0.0129,0.0097,0.0172,0.027,0.0219
4,2,0.7075,0.0409,0.0308,0.0083,0.5014,0.0512,0.0101,0.0084,0.0154,0.0224,0.0186
4,3,1.2057,0.0405,0.141,0.0178,0.8031,0.1197,0.0106,0.0103,0.0174,0.0247,0.0206
4,4,1.1627,0.0404,0.0297,0.0076,0.8912,0.0981,0.0151,0.0105,0.0185,0.0288,0.0228
4,5,1.2052,0.1369,0.1261,0.0125,0.7817,0.0582,0.0091,0.0088,0.0176,0.0297,0.0246
4,6,0.6617,0.047,0.0346,0.0088,0.454,0.0445,0.0071,0.0071,0.0157,0.0237,0.0192
4,7,0.7361,0.0368,0.0224,0.0065,0.4552,0.0425,0.0082,0.0078,0.0653,0.0711,0.0203
4,8,0.6968,0.0377,0.0261,0.0084,0.4477,0.0421,0.0079,0.0079,0.0754,0.0251,0.0185
4,9,0.7142,0.0386,0.0261,0.0079,0.5021,0.0526,0.0097,0.0109,0.0209,0.026,0.0194
4,10,0.9843,0.0443,0.0297,0.0079,0.6923,0.1342,0.01,0.009,0.0173,0.023,0.0166
4,11,1.6546,0.1301,0.1935,0.0104,1.0021,0.1158,0.1173,0.0134,0.0231,0.0283,0.0206
4,12,1.4473,0.043,0.028,0.0079,1.2089,0.0722,0.0114,0.0098,0.0207,0.0246,0.0208
4,13,0.8138,0.0579,0.046,0.0081,0.5704,0.0606,0.0105,0.0085,0.0148,0.0206,0.0164
4,14,0.9437,0.0349,0.0234,0.0072,0.7525,0.0535,0.0097,0.0084,0.0155,0.0213,0.0173
4,15,1.0295,0.0357,0.0245,0.0074,0.687,0.0524,0.0127,0.0092,0.1333,0.0486,0.0187
4,16,0.8757,0.0417,0.0275,0.0096,0.5758,0.0942,0.0122,0.0102,0.0491,0.0284,0.027
4,17,1.4485,0.0583,0.0336,0.0077,0.9837,0.1968,0.0668,0.0142,0.0304,0.0345,0.0225
4,18,0.8306,0.0404,0.0309,0.008,0.6088,0.061,0.0099,0.0097,0.0186,0.024,0.0193
4,19,2.4022,0.0399,0.027,0.0075,1.2544,0.1313,0.0122,0.0098,0.0236,0.8676,0.0289
4,20,0.9219,0.0517,0.0337,0.01,0.6817,0.0617,0.0101,0.0101,0.0182,0.0244,0.0203
4,21,0.8959,0.0405,0.0286,0.009,0.6795,0.0603,0.0094,0.0095,0.0171,0.0236,0.0184
4,22,0.8471,0.0407,0.0276,0.0083,0.6451,0.0502,0.0114,0.0081,0.0168,0.0216,0.0173
4,23,0.9665,0.0339,0.0244,0.0068,0.7329,0.055,0.0101,0.0093,0.0485,0.027,0.0186
4,24,0.6819,0.058,0.0338,0.0079,0.4611,0.0511,0.0088,0.0087,0.016,0.02,0.0165
4,25,0.593,0.0377,0.0234,0.007,0.414,0.05,0.0094,0.0074,0.0145,0.0163,0.0133
4,26,0.5609,0.0296,0.0204,0.0064,0.3962,0.0479,0.0086,0.0072,0.014,0.0173,0.0133
4,27,0.6157,0.0277,0.0191,0.0057,0.4641,0.0415,0.0072,0.0069,0.0142,0.0162,0.0131
4,28,0.5123,0.0284,0.0219,0.0065,0.3494,0.0346,0.0073,0.0069,0.0231,0.0213,0.0129
4,29,0.4849,0.0271,0.0197,0.0074,0.3329,0.0438,0.008,0.0063,0.0118,0.015,0.0129
4,30,0.6061,0.0261,0.0173,0.0058,0.452,0.0418,0.0079,0.0077,0.0142,0.0176,0.0157
4,31,0.6037,0.0306,0.0206,0.0067,0.4222,0.0552,0.0092,0.0086,0.016,0.0189,0.0157
4,32,0.6367,0.0335,0.0245,0.0069,0.4429,0.0522,0.0094,0.0077,0.0154,0.0216,0.0226
4,33,1.0189,0.0352,0.0232,0.007,0.4899,0.134,0.0106,0.0547,0.2162,0.029,0.0191
4,34,0.9437,0.0395,0.0387,0.0111,0.6063,0.0489,0.0093,0.0087,0.0888,0.0537,0.0387
4,35,0.6342,0.0467,0.0344,0.0111,0.4256,0.0482,0.0082,0.0103,0.0146,0.0203,0.0148
4,36,0.6424,0.0452,0.0288,0.0074,0.3979,0.0495,0.0094,0.0081,0.0541,0.0243,0.0177
4,37,1.6603,0.0344,0.0376,0.0101,0.8656,0.6214,0.0135,0.0095,0.022,0.0268,0.0194
4,38,1.1665,0.041,0.0293,0.008,0.8166,0.1892,0.0106,0.0097,0.0184,0.0241,0.0196
4,39,0.7755,0.0397,0.027,0.0081,0.5057,0.0518,0.0091,0.0115,0.0163,0.0882,0.0181
4,40,0.7171,0.038,0.0396,0.0098,0.5047,0.0519,0.0085,0.0088,0.0177,0.0208,0.0173
4,41,0.9894,0.0358,0.0252,0.0076,0.767,0.0815,0.0104,0.0092,0.0151,0.0213,0.0163
4,42,0.9185,0.0371,0.026,0.0072,0.7139,0.0609,0.0092,0.0093,0.0152,0.022,0.0177
4,43,0.8079,0.036,0.0263,0.0075,0.5286,0.057,0.0102,0.0089,0.085,0.0295,0.0189
4,44,0.7922,0.0402,0.0294,0.008,0.5553,0.0455,0.008,0.0085,0.0527,0.0272,0.0174
4,45,0.5566,0.0367,0.0236,0.0078,0.3882,0.0455,0.008,0.0075,0.0122,0.0149,0.0122
4,46,0.6696,0.025,0.0168,0.0052,0.4653,0.04,0.0079,0.0074,0.0626,0.0249,0.0145
4,47,0.5515,0.0326,0.0213,0.0072,0.3954,0.0367,0.0077,0.0076,0.0119,0.0168,0.0143
4,48,0.6433,0.0287,0.021,0.0061,0.486,0.0427,0.0073,0.0078,0.0127,0.0174,0.0136
4,49,0.5641,0.0291,0.0204,0.0066,0.4146,0.0364,0.0071,0.0073,0.012,0.0167,0.0139
4,50,0.6523,0.0283,0.0203,0.0058,0.4888,0.044,0.0082,0.0079,0.0137,0.0194,0.0159
4,51,0.6311,0.0332,0.0251,0.0077,0.4499,0.0445,0.0097,0.0082,0.0152,0.0208,0.0168
4,52,0.5457,0.0349,0.0237,0.0071,0.379,0.0403,0.0076,0.0075,0.0135,0.0179,0.0142
4,53,1.5167,0.0302,0.0229,0.0065,0.346,0.9251,0.0137,0.011,0.1112,0.0302,0.0199
4,54,1.567,0.0435,0.0978,0.0112,1.2299,0.0736,0.0139,0.0111,0.0329,0.0286,0.0245
4,55,0.8504,0.0472,0.0338,0.009,0.6095,0.0667,0.0109,0.0092,0.0182,0.0255,0.0204
4,56,0.872,0.0423,0.0279,0.0075,0.679,0.0476,0.0087,0.0085,0.0142,0.0202,0.0161
4,57,0.6364,0.0367,0.0244,0.007,0.4543,0.0456,0.0089,0.0088,0.0137,0.0204,0.0166
4,58,0.5493,0.0325,0.023,0.0084,0.3851,0.0381,0.0084,0.0078,0.0124,0.0184,0.0152
4,59,0.4905,0.031,0.0231,0.0077,0.3419,0.0324,0.0073,0.0074,0.0111,0.0168,0.0118
4,60,0.473,0.0258,0.018,0.0061,0.3322,0.0335,0.0076,0.0069,0.0124,0.0171,0.0134
4,61,0.492,0.0285,0.0199,0.0067,0.3385,0.0388,0.0081,0.0076,0.014,0.0172,0.0127
4,62,0.4456,0.0245,0.0178,0.0059,0.3179,0.0304,0.0063,0.0061,0.0103,0.0152,0.0112
4,63,0.4564,0.0233,0.018,0.0058,0.3271,0.0315,0.0064,0.0061,0.0118,0.0151,0.0113
4,64,0.4408,0.025,0.0174,0.0059,0.3087,0.0298,0.0064,0.0066,0.0124,0.0162,0.0124
4,65,0.4848,0.0275,0.0189,0.0063,0.3446,0.0342,0.0063,0.0066,0.0125,0.0155,0.0124
4,66,0.4504,0.0261,0.0185,0.0059,0.3124,0.0319,0.0069,0.0069,0.0131,0.0165,0.0122
4,67,0.4705,0.028,0.0195,0.0068,0.3314,0.0319,0.0063,0.0066,0.0123,0.0154,0.0123
4,68,0.4669,0.0271,0.0193,0.007,0.3268,0.0313,0.0067,0.007,0.0121,0.0169,0.0127
4,69,0.4807,0.0261,0.0172,0.0063,0.346,0.0313,0.007,0.0069,0.0122,0.0161,0.0116
4,70,0.4564,0.0269,0.0193,0.0066,0.3209,0.0301,0.0067,0.0064,0.0116,0.0158,0.0121
4,71,0.4633,0.0264,0.0179,0.0065,0.3297,0.0308,0.0067,0.0065,0.0114,0.0159,0.0115
4,72,0.4737,0.0265,0.0186,0.0063,0.3241,0.0445,0.0092,0.008,0.0113,0.0146,0.0106
4,73,0.4984,0.0234,0.0165,0.0049,0.3472,0.0447,0.0085,0.0087,0.0149,0.0173,0.0123
4,74,0.497,0.0293,0.0182,0.0067,0.3521,0.035,0.0067,0.007,0.0125,0.0175,0.012
4,75,0.7342,0.0293,0.0203,0.0062,0.5523,0.0544,0.008,0.0081,0.0162,0.0217,0.0177
4,76,0.6341,0.0373,0.0292,0.0066,0.4642,0.0383,0.0071,0.0071,0.0118,0.0183,0.0142
4,77,0.5258,0.0306,0.0219,0.0069,0.365,0.0382,0.0082,0.0095,0.0128,0.0186,0.0141
4,78,0.5613,0.032,0.0213,0.0073,0.3992,0.0398,0.0077,0.0071,0.0137,0.019,0.0142
4,79,1.0262,0.0296,0.0239,0.0071,0.6702,0.1798,0.0109,0.0098,0.0161,0.0238,0.055
4,80,1.1924,0.0396,0.0458,0.0079,0.8682,0.1136,0.0137,0.0096,0.0191,0.0492,0.0257
4,81,1.2149,0.0464,0.0312,0.0094,0.9777,0.0646,0.0104,0.0097,0.0188,0.0271,0.0196
4,82,0.9066,0.0401,0.0306,0.0089,0.6411,0.0701,0.0137,0.0086,0.0463,0.0277,0.0195
4,83,0.9732,0.0402,0.0311,0.0153,0.7501,0.0576,0.0106,0.0095,0.0163,0.0239,0.0186
4,84,0.608,0.0405,0.0278,0.0084,0.4267,0.0392,0.0083,0.0087,0.0127,0.0197,0.016
4,85,0.4928,0.0334,0.022,0.0068,0.3422,0.0327,0.0071,0.0068,0.0117,0.0167,0.0134
4,86,0.4925,0.0289,0.02,0.0068,0.3454,0.0335,0.0076,0.0069,0.0125,0.0167,0.0142
4,87,0.4615,0.0285,0.0196,0.0064,0.3219,0.0304,0.0072,0.0065,0.0121,0.0158,0.0131
4,88,0.4577,0.0275,0.0185,0.0068,0.319,0.0309,0.0074,0.0067,0.0119,0.0163,0.0127
4,89,0.5317,0.027,0.0187,0.0066,0.3725,0.0417,0.0086,0.0074,0.0165,0.0171,0.0156
4,90,0.7013,0.0312,0.0225,0.007,0.5101,0.0548,0.0087,0.0088,0.0174,0.0232,0.0176
4,91,0.7363,0.0387,0.0285,0.0102,0.54,0.0499,0.008,0.009,0.0154,0.0206,0.016
4,92,0.6221,0.0366,0.0267,0.0074,0.4372,0.0451,0.0087,0.0085,0.0151,0.0205,0.0163
4,93,0.563,0.0333,0.0234,0.0071,0.3921,0.0403,0.0082,0.0077,0.0161,0.018,0.0168
4,94,1.3027,0.0311,0.6522,0.0129,0.4834,0.0503,0.0088,0.0093,0.0159,0.0217,0.0171
4,95,0.5359,0.0363,0.0243,0.0072,0.3677,0.037,0.0075,0.0076,0.0157,0.0196,0.013
4,96,0.603,0.0309,0.0212,0.007,0.4664,0.0316,0.0056,0.006,0.0103,0.0137,0.0103
4,97,0.4607,0.0228,0.016,0.0056,0.3071,0.0456,0.0101,0.0081,0.0147,0.0172,0.0135
4,98,0.4748,0.0284,0.0198,0.0066,0.3304,0.0427,0.0069,0.0054,0.011,0.0136,0.01
4,99,0.4404,0.0218,0.0148,0.005,0.3001,0.0424,0.0077,0.0067,0.014,0.0161,0.0118
4,100,0.6954,0.0252,0.0183,0.0057,0.4768,0.0523,0.0105,0.0082,0.0147,0.0202,0.0635
5,1,0.7324,0.0409,0.0298,0.0079,0.5416,0.0431,0.0101,0.0093,0.0141,0.0201,0.0155
5,2,0.5181,0.0319,0.0232,0.0074,0.3632,0.0432,0.0076,0.0059,0.0107,0.0139,0.0111
5,3,0.9823,0.0221,0.0155,0.0049,0.4322,0.0417,0.3948,0.0124,0.0181,0.0228,0.0178
5,4,0.705,0.0379,0.0254,0.0072,0.4721,0.0437,0.0077,0.0074,0.0488,0.0337,0.0211
5,5,0.655,0.0424,0.0294,0.0096,0.4648,0.0349,0.0074,0.0074,0.0238,0.0199,0.0154
5,6,0.4708,0.028,0.0192,0.0064,0.336,0.0304,0.0064,0.006,0.0106,0.0152,0.0126
5,7,0.4416,0.0249,0.0178,0.006,0.3039,0.0308,0.0071,0.0067,0.0124,0.0169,0.0151
5,8,0.5018,0.0267,0.0166,0.0061,0.3616,0.0362,0.0072,0.0063,0.0116,0.0162,0.0133
5,9,0.4427,0.0285,0.0186,0.0063,0.306,0.0296,0.0073,0.0069,0.0111,0.0157,0.0127
5,10,0.4557,0.0267,0.018,0.0062,0.3244,0.03,0.0063,0.0061,0.011,0.0151,0.0119
5,11,0.4346,0.0253,0.0179,0.0057,0.3055,0.0296,0.0067,0.0063,0.0105,0.0155,0.0116
5,12,0.4204,0.0244,0.018,0.0058,0.2952,0.0285,0.0066,0.0058,0.0103,0.0147,0.0111
5,13,0.417,0.0248,0.0173,0.0056,0.293,0.0288,0.0062,0.0058,0.0102,0.0142,0.0111
5,14,0.5127,0.0237,0.0175,0.0056,0.3332,0.0586,0.0119,0.0077,0.0154,0.0203,0.0188
5,15,0.5758,0.0344,0.0236,0.0087,0.4234,0.0338,0.0065,0.0063,0.0116,0.0148,0.0127
5,16,0.4495,0.0245,0.0186,0.0064,0.3208,0.0288,0.0067,0.0069,0.0106,0.0147,0.0115
5,17,0.4256,0.0238,0.017,0.0057,0.2999,0.0293,0.0063,0.0061,0.0102,0.015,0.0123
5,18,0.5294,0.0241,0.0181,0.0061,0.3429,0.0643,0.0089,0.0076,0.0193,0.0208,0.0173
5,19,0.6031,0.0351,0.0221,0.0089,0.4444,0.0364,0.0075,0.0073,0.0123,0.0161,0.013
5,20,0.5029,0.0261,0.0185,0.0065,0.3558,0.0372,0.007,0.0066,0.0136,0.0187,0.0129
5,21,0.4822,0.0273,0.0192,0.0059,0.341,0.0325,0.0076,0.0072,0.0109,0.0162,0.0144
5,22,0.4632,0.0276,0.0179,0.0063,0.3246,0.0341,0.0061,0.0063,0.0114,0.0155,0.0134
5,23,0.4845,0.025,0.0178,0.0064,0.3076,0.0405,0.0078,0.0064,0.0125,0.0157,0.0448
5,24,0.4376,0.0272,0.0177,0.0067,0.3078,0.0284,0.0072,0.0065,0.0109,0.0139,0.0113
5,25,0.4147,0.0244,0.0165,0.0055,0.2897,0.0301,0.0062,0.0059,0.0099,0.0143,0.0122
5,26,0.4175,0.0228,0.0163,0.006,0.2935,0.0275,0.0059,0.0057,0.0109,0.0168,0.0121
5,27,0.4169,0.0242,0.0161,0.006,0.2965,0.0267,0.0062,0.0062,0.0104,0.0138,0.0108
5,28,0.4728,0.0235,0.0161,0.0056,0.3162,0.0396,0.0104,0.008,0.0175,0.0212,0.0147
5,29,0.519,0.0334,0.0163,0.0062,0.3686,0.0354,0.007,0.007,0.0137,0.0166,0.0148
5,30,0.6519,0.0305,0.0205,0.0081,0.4837,0.0426,0.009,0.0077,0.0148,0.0193,0.0157
5,31,0.5388,0.0307,0.0201,0.0069,0.3835,0.0378,0.0072,0.0074,0.0134,0.017,0.0148
5,32,0.5568,0.0277,0.02,0.0062,0.4053,0.0381,0.0072,0.0067,0.0135,0.0183,0.0138
5,33,0.6809,0.0289,0.0217,0.0055,0.4269,0.0478,0.0093,0.0083,0.0877,0.0278,0.017
5,34,0.6894,0.0639,0.0328,0.0089,0.4731,0.0523,0.0077,0.0065,0.0122,0.0164,0.0156
5,35,0.4905,0.0288,0.0183,0.0057,0.3319,0.0457,0.008,0.0064,0.0139,0.0179,0.0139
5,36,0.5271,0.0293,0.0184,0.0058,0.3789,0.0346,0.0068,0.007,0.0147,0.0172,0.0144
5,37,0.4759,0.028,0.0191,0.0062,0.3411,0.0295,0.0064,0.0062,0.0113,0.016,0.0121
5,38,0.4432,0.0262,0.0197,0.0062,0.3126,0.0288,0.0063,0.006,0.0108,0.0148,0.0118
5,39,0.4447,0.0246,0.0187,0.0061,0.313,0.0295,0.0062,0.0062,0.0119,0.016,0.0125
5,40,0.4558,0.0254,0.0172,0.0057,0.3298,0.0282,0.0061,0.0057,0.0111,0.0148,0.0118
5,41,0.4313,0.0253,0.0165,0.0056,0.3054,0.0287,0.0068,0.0063,0.0104,0.0145,0.0118
5,42,0.4053,0.0244,0.0176,0.0056,0.2822,0.0272,0.0062,0.0062,0.0101,0.0143,0.0115
5,43,0.4491,0.024,0.0164,0.0055,0.3145,0.032,0.0071,0.0061,0.0119,0.018,0.0136
5,44,0.6551,0.0278,0.0203,0.0067,0.4801,0.0482,0.0097,0.0086,0.0156,0.0211,0.017
5,45,0.5302,0.0354,0.0245,0.0074,0.3709,0.0335,0.0075,0.007,0.0119,0.0181,0.014
5,46,0.467,0.0295,0.0207,0.0066,0.3209,0.0325,0.0075,0.0069,0.012,0.0171,0.0133
5,47,0.502,0.0271,0.0197,0.0063,0.3571,0.0344,0.0072,0.007,0.0141,0.016,0.0131
5,48,0.5054,0.0501,0.0212,0.0063,0.3372,0.0343,0.0063,0.0069,0.0117,0.0171,0.0143
5,49,0.467,0.0264,0.0186,0.0061,0.3279,0.0327,0.0068,0.0068,0.0112,0.0171,0.0134
5,50,0.4719,0.0288,0.019,0.0064,0.3322,0.0327,0.0068,0.0064,0.0107,0.0167,0.0122
5,51,0.4621,0.0284,0.0203,0.0067,0.3203,0.0316,0.0072,0.0068,0.0113,0.0164,0.0131
5,52,0.5389,0.0272,0.0196,0.0061,0.387,0.0383,0.0079,0.0076,0.0124,0.0176,0.0152
5,53,0.5112,0.0287,0.0204,0.0059,0.3633,0.0354,0.0073,0.0073,0.0123,0.0165,0.0141
5,54,0.4986,0.0272,0.02,0.0064,0.3482,0.0359,0.0082,0.0073,0.0123,0.0184,0.0147
5,55,0.4759,0.0282,0.0195,0.0068,0.3342,0.0326,0.007,0.0074,0.012,0.0153,0.0129
5,56,0.5065,0.0267,0.0385,0.0072,0.3372,0.0362,0.0076,0.0076,0.0128,0.018,0.0147
5,57,0.5005,0.0292,0.0196,0.0062,0.3525,0.0343,0.0075,0.0071,0.0123,0.0172,0.0146
5,58,0.4536,0.0267,0.019,0.0065,0.32,0.0299,0.0066,0.0066,0.0112,0.0152,0.0119
5,59,0.4379,0.0253,0.0177,0.0061,0.3069,0.0309,0.0068,0.006,0.0114,0.0148,0.012
5,60,0.4584,0.0232,0.0179,0.0061,0.3276,0.0297,0.0072,0.0066,0.0116,0.0158,0.0127
5,61,0.4796,0.0471,0.0186,0.0062,0.3165,0.033,0.0068,0.0068,0.0122,0.0169,0.0155
5,62,0.4623,0.0269,0.02,0.0068,0.3295,0.03,0.0061,0.006,0.0107,0.0144,0.0119
5,63,0.4183,0.0232,0.0168,0.0059,0.297,0.0275,0.0063,0.006,0.0105,0.0138,0.0113
5,64,0.4395,0.0253,0.0172,0.0057,0.3116,0.0286,0.0066,0.0063,0.0111,0.015,0.0121
5,65,0.7287,0.0233,0.0172,0.0062,0.4117,0.0349,0.008,0.0062,0.15,0.0545,0.0167
5,66,0.8765,0.0437,0.0266,0.0075,0.5551,0.0475,0.0097,0.0096,0.1359,0.0245,0.0164
5,67,0.6078,0.0311,0.0216,0.0067,0.3642,0.0312,0.0065,0.0068,0.0962,0.0247,0.0188
5,68,0.7456,0.0364,0.0252,0.0078,0.4765,0.0392,0.0088,0.0074,0.1078,0.0208,0.0157
5,69,0.5579,0.0314,0.0225,0.0079,0.3562,0.0313,0.0076,0.0071,0.0627,0.018,0.0132
5,70,0.6487,0.0296,0.018,0.0061,0.4441,0.034,0.0066,0.0069,0.0657,0.0235,0.0142
5,71,0.7053,0.0305,0.0202,0.0067,0.5031,0.0379,0.0076,0.008,0.061,0.0171,0.0132
5,72,0.5199,0.0314,0.0215,0.007,0.3576,0.0436,0.0081,0.0068,0.0126,0.0161,0.0152
5,73,0.5582,0.0268,0.0186,0.0066,0.4156,0.0349,0.0069,0.0065,0.0125,0.0164,0.0134
5,74,0.5194,0.0281,0.0181,0.0058,0.3609,0.0434,0.0092,0.0074,0.0125,0.0189,0.0151
5,75,0.4852,0.0299,0.0199,0.0059,0.3463,0.0327,0.0066,0.0063,0.0106,0.0146,0.0124
5,76,0.5279,0.026,0.0176,0.0058,0.3363,0.0327,0.0076,0.0069,0.0619,0.0198,0.0133
5,77,0.62,0.0281,0.0181,0.006,0.427,0.0356,0.0075,0.0211,0.0436,0.0189,0.0141
5,78,0.5002,0.0284,0.0206,0.0071,0.348,0.0363,0.0116,0.008,0.0113,0.0164,0.0125
5,79,0.5129,0.0254,0.0179,0.0062,0.3369,0.0321,0.0067,0.0066,0.0484,0.0182,0.0145
5,80,0.6159,0.0271,0.038,0.0062,0.4196,0.0634,0.0082,0.0082,0.0116,0.0189,0.0147
5,81,0.5278,0.0304,0.0199,0.0062,0.3716,0.036,0.0081,0.0076,0.0155,0.018,0.0145
5,82,0.6554,0.0306,0.0201,0.0071,0.4657,0.0392,0.0073,0.0073,0.0434,0.0203,0.0144
5,83,0.4555,0.0299,0.0201,0.0065,0.3163,0.0296,0.0064,0.0067,0.0108,0.016,0.0132
5,84,1.0129,0.0261,0.0178,0.0061,0.8411,0.0521,0.0093,0.0081,0.0134,0.0209,0.018
5,85,0.7644,0.0342,0.023,0.0068,0.5257,0.0775,0.0162,0.0128,0.0215,0.0247,0.022
5,86,0.5852,0.0358,0.0232,0.0068,0.4206,0.0382,0.0085,0.0084,0.0119,0.0172,0.0146
5,87,0.6775,0.0297,0.0183,0.0065,0.3764,0.1866,0.0081,0.0076,0.0125,0.0177,0.0141
5,88,0.5442,0.0307,0.0189,0.006,0.3984,0.0361,0.0069,0.0068,0.0116,0.0161,0.0127
5,89,0.7934,0.0274,0.0195,0.0061,0.475,0.0886,0.0108,0.009,0.1106,0.0279,0.0185
5,90,0.6409,0.0376,0.027,0.0068,0.4497,0.0516,0.0084,0.0083,0.0163,0.0203,0.0149
5,91,0.6152,0.0324,0.0203,0.0063,0.4624,0.0364,0.0071,0.0075,0.0134,0.0162,0.0132
5,92,0.5256,0.0268,0.0192,0.0061,0.3674,0.0472,0.0083,0.0074,0.0133,0.0162,0.0137
5,93,0.5299,0.0264,0.0183,0.0062,0.3797,0.0438,0.0082,0.0071,0.0129,0.0151,0.0122
5,94,1.8948,0.0265,0.0204,0.006,1.704,0.061,0.0095,0.0091,0.0152,0.0228,0.0203
5,95,0.6372,0.0408,0.0404,0.0081,0.4508,0.0381,0.0076,0.0075,0.0132,0.0172,0.0135
5,96,0.4928,0.03,0.0198,0.0059,0.34,0.0421,0.008,0.0067,0.0121,0.0155,0.0127
5,97,0.4486,0.0258,0.0181,0.0062,0.3134,0.0286,0.006,0.0075,0.0124,0.0167,0.0139
5,98,0.567,0.0272,0.0188,0.0062,0.3105,0.0398,0.0091,0.0064,0.0121,0.1227,0.0142
5,99,0.4599,0.0278,0.0191,0.0066,0.3248,0.0297,0.007,0.0069,0.0113,0.0149,0.0118
5,100,0.4475,0.0241,0.017,0.0063,0.3051,0.039,0.0082,0.007,0.0119,0.014,0.0149
6,1,0.8083,0.042,0.0278,0.0084,0.6183,0.0507,0.0101,0.009,0.0123,0.0158,0.0139
6,2,0.5781,0.0287,0.0188,0.0065,0.4288,0.0376,0.0077,0.0075,0.0127,0.0169,0.0129
6,3,0.5634,0.0281,0.0206,0.0063,0.3475,0.033,0.0064,0.0063,0.0133,0.0151,0.0868
6,4,0.731,0.0282,0.0188,0.0061,0.576,0.0421,0.0075,0.007,0.0127,0.0177,0.0149
6,5,0.5384,0.0289,0.0201,0.0063,0.3797,0.0442,0.0085,0.0071,0.0123,0.0176,0.0137
6,6,0.5592,0.0295,0.0195,0.0064,0.4016,0.0421,0.0078,0.0066,0.0148,0.0168,0.0141
6,7,0.8908,0.0292,0.0205,0.0061,0.7191,0.0525,0.0093,0.0074,0.0136,0.0179,0.0152
6,8,0.7352,0.0307,0.0218,0.0064,0.5618,0.0495,0.0083,0.0082,0.0131,0.019,0.0164
6,9,0.785,0.0328,0.0215,0.0062,0.616,0.0445,0.008,0.0071,0.0146,0.0188,0.0155
6,10,0.7606,0.0306,0.0213,0.0066,0.5894,0.0489,0.0083,0.0078,0.0136,0.0182,0.0159
6,11,0.7113,0.032,0.0224,0.0069,0.5294,0.0448,0.0072,0.0071,0.0276,0.0184,0.0155
6,12,0.7307,0.0303,0.0205,0.0057,0.4182,0.0422,0.0177,0.0102,0.143,0.0258,0.0171
6,13,0.694,0.0356,0.0238,0.007,0.5206,0.0431,0.0084,0.0078,0.0124,0.0182,0.0171
6,14,0.4999,0.0301,0.0221,0.0065,0.3461,0.0412,0.0081,0.0067,0.0115,0.0153,0.0123
6,15,0.4241,0.0249,0.0185,0.006,0.2974,0.0277,0.0063,0.0062,0.0106,0.0148,0.0117
6,16,0.4207,0.0242,0.0167,0.0057,0.2981,0.0283,0.0061,0.0061,0.0102,0.0142,0.0111
6,17,0.4413,0.0242,0.0167,0.0056,0.3023,0.0383,0.0079,0.0063,0.0119,0.0157,0.0124
6,18,0.4267,0.0246,0.018,0.0058,0.3017,0.029,0.0061,0.0061,0.0097,0.0139,0.0118
6,19,0.4082,0.0235,0.0164,0.0056,0.2872,0.0272,0.006,0.0062,0.01,0.0152,0.0109
6,20,0.4279,0.0238,0.0164,0.0056,0.2935,0.039,0.0078,0.0061,0.011,0.0136,0.0111
6,21,0.5126,0.0249,0.0185,0.0071,0.3642,0.0431,0.009,0.0064,0.0131,0.0145,0.0118
6,22,0.4548,0.0249,0.017,0.0061,0.3139,0.0402,0.0078,0.0061,0.0111,0.0149,0.0128
6,23,0.4315,0.0241,0.0168,0.0057,0.3094,0.0284,0.0068,0.0057,0.0098,0.0137,0.0111
6,24,0.4083,0.0242,0.0158,0.0056,0.2878,0.028,0.0061,0.0059,0.0098,0.0137,0.0114
6,25,0.4057,0.0228,0.0161,0.0058,0.2873,0.026,0.006,0.0062,0.0102,0.0145,0.0108
6,26,0.5839,0.0226,0.0168,0.0053,0.4196,0.0483,0.0087,0.0078,0.0175,0.0194,0.0179
6,27,0.5632,0.0339,0.0216,0.0085,0.4166,0.0327,0.0077,0.0058,0.0115,0.0137,0.0112
6,28,0.4637,0.026,0.0178,0.0062,0.3338,0.0289,0.0063,0.0071,0.0117,0.0143,0.0116
6,29,0.42,0.0248,0.0163,0.0059,0.2941,0.0299,0.0063,0.0063,0.0104,0.0145,0.0115
6,30,0.4473,0.0244,0.0172,0.0057,0.3208,0.0295,0.0064,0.0061,0.0103,0.0149,0.012
6,31,0.421,0.0241,0.0177,0.0057,0.2975,0.0282,0.0062,0.0058,0.0101,0.0142,0.0115
6,32,0.4169,0.0238,0.0168,0.0056,0.2945,0.0294,0.0061,0.0059,0.0099,0.0134,0.0115
6,33,0.4591,0.0235,0.0162,0.006,0.3234,0.0328,0.0074,0.0067,0.0151,0.0157,0.0123
6,34,0.4907,0.027,0.0193,0.0066,0.337,0.0425,0.0094,0.0063,0.013,0.0163,0.0133
6,35,0.5219,0.03,0.0191,0.0066,0.383,0.0327,0.0064,0.006,0.0114,0.0144,0.0123
6,36,0.4439,0.0241,0.017,0.0061,0.3169,0.0289,0.0062,0.0064,0.0115,0.015,0.0118
6,37,0.4687,0.0241,0.0157,0.0055,0.3304,0.035,0.0074,0.0066,0.0144,0.0167,0.0129
6,38,0.5448,0.0258,0.0181,0.0063,0.3773,0.0453,0.01,0.0086,0.0176,0.0187,0.0171
6,39,0.5844,0.035,0.0199,0.0068,0.4235,0.0385,0.0078,0.0076,0.0126,0.0179,0.0148
6,40,0.4864,0.0307,0.0188,0.0064,0.3484,0.03,0.0065,0.0062,0.0113,0.015,0.0131
6,41,0.4252,0.0262,0.0174,0.0055,0.2992,0.0283,0.0062,0.006,0.0102,0.0148,0.0114
6,42,0.5487,0.0235,0.017,0.0058,0.4158,0.0338,0.0067,0.0068,0.0119,0.0152,0.0122
6,43,0.5248,0.0256,0.0177,0.0059,0.3762,0.0417,0.0086,0.0067,0.0138,0.0156,0.013
6,44,1.0819,0.0263,0.0177,0.0061,0.8107,0.1038,0.0108,0.0097,0.0532,0.0237,0.0199
6,45,0.6898,0.0378,0.0252,0.0088,0.5139,0.0413,0.0076,0.0083,0.0131,0.018,0.0158
6,46,1.0167,0.0306,0.0208,0.0065,0.4723,0.0636,0.3372,0.0135,0.0177,0.0333,0.0212
6,47,0.7165,0.0376,0.0255,0.0078,0.5347,0.0463,0.0082,0.0077,0.0139,0.0194,0.0154
6,48,0.6068,0.0309,0.0225,0.007,0.4482,0.0389,0.0073,0.0069,0.0142,0.0166,0.0143
6,49,3.4649,0.0286,0.0199,0.0064,3.2572,0.0677,0.0106,0.0107,0.016,0.0252,0.0226
6,50,0.7156,0.0409,0.0291,0.0083,0.514,0.0512,0.0111,0.0081,0.0153,0.0218,0.0158
6,51,0.4989,0.031,0.0222,0.0066,0.3465,0.0348,0.0074,0.0074,0.0128,0.017,0.0132
6,52,0.5192,0.0293,0.0207,0.0065,0.3483,0.0347,0.007,0.0288,0.0131,0.0172,0.0136
6,53,0.4773,0.0251,0.0177,0.0058,0.3415,0.0333,0.0075,0.0068,0.0113,0.0159,0.0124
6,54,0.4791,0.0257,0.0171,0.0054,0.3382,0.0346,0.0068,0.007,0.0121,0.0175,0.0147
6,55,0.6265,0.0294,0.021,0.0066,0.4499,0.0551,0.0093,0.008,0.0138,0.0188,0.0146
6,56,0.5524,0.032,0.0208,0.0066,0.3649,0.0306,0.0066,0.0067,0.0468,0.0228,0.0146
6,57,0.5453,0.03,0.0187,0.0066,0.3935,0.0417,0.0077,0.0068,0.0129,0.0149,0.0125
6,58,0.4595,0.0254,0.0175,0.006,0.3191,0.0397,0.0077,0.0062,0.0116,0.0146,0.0117
6,59,0.4248,0.0239,0.0164,0.0058,0.2985,0.0292,0.0067,0.0061,0.0111,0.0151,0.012
6,60,0.4436,0.025,0.0175,0.0063,0.3021,0.0389,0.0082,0.0063,0.0121,0.0152,0.012
6,61,0.4617,0.0249,0.0168,0.0056,0.3173,0.0387,0.0095,0.0072,0.0128,0.0168,0.0121
6,62,0.5228,0.0248,0.0168,0.0057,0.3798,0.038,0.0075,0.0065,0.0138,0.0167,0.0132
6,63,0.5597,0.028,0.0192,0.0066,0.4102,0.0381,0.0076,0.0078,0.0125,0.0166,0.0131
6,64,0.7844,0.0276,0.0198,0.0064,0.3543,0.0765,0.0188,0.1201,0.1246,0.0208,0.0155
6,65,0.6136,0.0347,0.0231,0.0081,0.4338,0.0506,0.0091,0.0078,0.014,0.0173,0.0151
6,66,0.5891,0.0682,0.022,0.008,0.3989,0.036,0.0074,0.0072,0.0123,0.0152,0.0139
6,67,0.484,0.0272,0.0191,0.006,0.3501,0.0306,0.0063,0.0067,0.0108,0.0145,0.0127
6,68,0.4156,0.0242,0.0173,0.0056,0.2916,0.0281,0.0062,0.0061,0.0105,0.0144,0.0116
6,69,0.6943,0.0237,0.0164,0.0057,0.4037,0.1082,0.0739,0.0117,0.0163,0.0197,0.015
6,70,0.5789,0.0308,0.0592,0.0074,0.3936,0.0346,0.0069,0.007,0.0107,0.0158,0.0129
6,71,0.4601,0.0268,0.0179,0.0059,0.3269,0.0301,0.0069,0.0064,0.0116,0.0151,0.0125
6,72,0.435,0.0249,0.0183,0.0066,0.3074,0.0289,0.0064,0.0061,0.0106,0.0141,0.0117
6,73,0.4156,0.0241,0.0164,0.0056,0.289,0.0278,0.0065,0.0062,0.0116,0.0163,0.0121
6,74,0.4228,0.0254,0.0178,0.006,0.2972,0.0278,0.0062,0.0069,0.0104,0.0138,0.0113
6,75,0.4424,0.0239,0.0163,0.0056,0.298,0.0282,0.0067,0.0062,0.0107,0.0148,0.032
6,76,0.4397,0.0257,0.018,0.006,0.3085,0.0291,0.0065,0.0065,0.0122,0.0154,0.0118
6,77,0.4361,0.0252,0.0174,0.0067,0.3064,0.0286,0.0071,0.0063,0.0115,0.0152,0.0117
6,78,0.4339,0.0248,0.018,0.0063,0.3047,0.0302,0.0065,0.0061,0.0109,0.0148,0.0116
6,79,0.4923,0.024,0.0171,0.0064,0.3596,0.0327,0.0073,0.0066,0.0118,0.0143,0.0125
6,80,0.4735,0.0251,0.0166,0.0059,0.3466,0.0301,0.0075,0.0058,0.0102,0.0136,0.0121
6,81,0.4223,0.0246,0.0167,0.0057,0.2995,0.0274,0.006,0.0059,0.0103,0.014,0.0122
6,82,0.4344,0.0239,0.0162,0.006,0.3054,0.0299,0.0071,0.0071,0.0109,0.016,0.0119
6,83,0.4717,0.0263,0.0174,0.0062,0.3112,0.0397,0.0095,0.0085,0.0159,0.021,0.016
6,84,0.5548,0.0319,0.0222,0.0067,0.3998,0.0379,0.0098,0.0075,0.0117,0.0151,0.0122
6,85,0.55,0.0245,0.0237,0.0076,0.3905,0.0437,0.0088,0.0074,0.0144,0.0164,0.013
6,86,0.4533,0.0286,0.0184,0.0056,0.32,0.0307,0.0064,0.0063,0.0107,0.0141,0.0125
6,87,0.4217,0.0249,0.0168,0.0062,0.2968,0.0284,0.007,0.0059,0.0101,0.0135,0.0121
6,88,0.4375,0.0243,0.0158,0.0054,0.2936,0.0494,0.0067,0.006,0.0106,0.014,0.0117
6,89,0.4203,0.023,0.0167,0.0062,0.2978,0.0273,0.0064,0.0063,0.0113,0.0142,0.0111
6,90,0.4421,0.0238,0.0159,0.0055,0.3028,0.0362,0.0065,0.006,0.0163,0.014,0.0151
6,91,0.5251,0.0273,0.0201,0.006,0.3817,0.0349,0.0072,0.0064,0.0126,0.0143,0.0146
6,92,0.4656,0.0317,0.0195,0.0058,0.3294,0.0288,0.0062,0.0065,0.0118,0.0143,0.0116
6,93,0.4403,0.0243,0.0363,0.0062,0.298,0.0273,0.0063,0.006,0.0102,0.0148,0.0109
6,94,0.4263,0.0233,0.0167,0.0055,0.29,0.0391,0.0075,0.0061,0.0114,0.0147,0.012
6,95,0.4667,0.0238,0.0169,0.0064,0.3069,0.0392,0.008,0.0285,0.0107,0.0146,0.0117
6,96,0.5033,0.0268,0.0167,0.0056,0.3597,0.0352,0.0074,0.0066,0.0149,0.0165,0.0139
6,97,0.833,0.0271,0.019,0.0063,0.5759,0.0369,0.0078,0.0068,0.115,0.0236,0.0146
6,98,0.668,0.0283,0.019,0.0074,0.3641,0.0313,0.0066,0.0069,0.1666,0.023,0.0148
6,99,0.5328,0.0287,0.0196,0.0068,0.3733,0.0446,0.0082,0.0074,0.0142,0.017,0.013
6,100,0.521,0.0268,0.0193,0.0064,0.3637,0.0339,0.0076,0.0148,0.0171,0.0182,0.0132
7,1,0.6025,0.0415,0.0285,0.0082,0.4144,0.0459,0.0104,0.0073,0.0142,0.0176,0.0145
7,2,0.5604,0.0304,0.0199,0.0065,0.4142,0.0345,0.0072,0.0069,0.0115,0.016,0.0133
7,3,0.5086,0.0278,0.0192,0.0064,0.3631,0.0329,0.0075,0.007,0.015,0.0169,0.0128
7,4,0.7222,0.0274,0.0191,0.0067,0.548,0.0533,0.0089,0.0074,0.014,0.0169,0.0205
7,5,1.326,0.0295,0.0204,0.0065,1.1382,0.0478,0.0081,0.0079,0.0142,0.0191,0.0343
7,6,0.5651,0.0377,0.0274,0.0075,0.3926,0.0373,0.0077,0.0071,0.0132,0.016,0.0186
7,7,0.5035,0.0275,0.0181,0.0066,0.3625,0.034,0.0069,0.0077,0.0112,0.0161,0.0129
7,8,1.4209,0.0439,0.0203,0.0064,1.2139,0.0598,0.009,0.0089,0.0187,0.0217,0.0183
7,9,0.6928,0.0375,0.026,0.008,0.5088,0.0433,0.0095,0.0087,0.0162,0.0186,0.0162
7,10,0.6033,0.0332,0.0232,0.0077,0.4438,0.0375,0.0071,0.0075,0.0128,0.0164,0.0141
7,11,0.564,0.0298,0.0215,0.0072,0.4171,0.0331,0.0067,0.0064,0.0137,0.0152,0.0133
7,12,0.4899,0.0267,0.0179,0.0062,0.3448,0.0402,0.0084,0.0063,0.0131,0.0149,0.0114
7,13,0.6879,0.0242,0.0171,0.0058,0.5393,0.0417,0.0075,0.0079,0.0122,0.0179,0.0143
7,14,0.6029,0.0299,0.0208,0.0062,0.4535,0.0362,0.0074,0.0074,0.012,0.016,0.0135
7,15,0.5812,0.0278,0.0187,0.0063,0.4383,0.0345,0.0067,0.0073,0.014,0.0152,0.0124
7,16,0.6651,0.0255,0.0187,0.0063,0.5146,0.044,0.0075,0.0067,0.0126,0.0153,0.0139
7,17,0.5255,0.0265,0.0183,0.0065,0.3714,0.0455,0.0079,0.0077,0.0136,0.0157,0.0124
7,18,0.5,0.026,0.0348,0.0063,0.3506,0.031,0.0065,0.0065,0.0119,0.0145,0.0119
7,19,0.4913,0.0247,0.0168,0.0059,0.3573,0.0327,0.0066,0.0063,0.014,0.0147,0.0123
7,20,0.6315,0.0252,0.0176,0.006,0.4656,0.0448,0.0099,0.0087,0.0155,0.0195,0.0187
7,21,0.6226,0.0402,0.0295,0.0093,0.4538,0.0351,0.0068,0.006,0.0134,0.0152,0.0133
7,22,1.2206,0.0264,0.0187,0.0065,0.6689,0.4197,0.0109,0.0093,0.0178,0.0228,0.0196
7,23,1.0997,0.0374,0.0272,0.0107,0.896,0.0503,0.009,0.0091,0.0215,0.0221,0.0164
7,24,0.8468,0.0367,0.0266,0.008,0.637,0.0395,0.0071,0.0089,0.0416,0.0278,0.0136
7,25,0.7575,0.0328,0.0195,0.0064,0.5961,0.0424,0.009,0.0074,0.0126,0.017,0.0143
7,26,0.5436,0.0292,0.0207,0.0067,0.3829,0.0439,0.0084,0.0078,0.013,0.0167,0.0143
7,27,0.5132,0.0265,0.0188,0.0065,0.372,0.0348,0.0066,0.0067,0.0121,0.016,0.0132
7,28,0.821,0.0275,0.0186,0.0062,0.6471,0.0434,0.0078,0.0077,0.0129,0.0195,0.0303
7,29,0.6647,0.0345,0.021,0.0066,0.4903,0.0506,0.0082,0.0075,0.0134,0.0188,0.0138
7,30,0.6279,0.0316,0.0218,0.0068,0.4584,0.0416,0.0072,0.0075,0.0159,0.0207,0.0164
7,31,0.6796,0.0314,0.0236,0.0081,0.4322,0.038,0.0073,0.0071,0.0753,0.0383,0.0183
7,32,0.6777,0.0418,0.0358,0.0096,0.4434,0.0349,0.0069,0.0066,0.066,0.0189,0.0138
7,33,0.4663,0.0285,0.0189,0.0063,0.3177,0.0407,0.0075,0.0065,0.0124,0.0161,0.0117
7,34,0.5181,0.0271,0.0195,0.0058,0.3694,0.038,0.0078,0.0063,0.0145,0.0173,0.0124
7,35,0.6698,0.0327,0.0223,0.0071,0.5047,0.0412,0.0076,0.0079,0.0124,0.0189,0.015
7,36,0.5605,0.0311,0.0205,0.0065,0.4029,0.0384,0.0075,0.0081,0.0126,0.0185,0.0144
7,37,0.5371,0.0297,0.0191,0.0061,0.3804,0.0378,0.0082,0.0078,0.0156,0.0189,0.0135
7,38,0.6816,0.0315,0.0224,0.0067,0.5178,0.0455,0.0074,0.0064,0.0127,0.018,0.0132
7,39,0.56,0.0287,0.0192,0.0063,0.4068,0.0384,0.0073,0.0073,0.0139,0.0182,0.0139
7,40,0.5269,0.0306,0.0206,0.0067,0.3742,0.0368,0.0077,0.0068,0.0135,0.0171,0.0129
7,41,0.5292,0.0299,0.0203,0.0071,0.3807,0.0354,0.0069,0.0067,0.0135,0.0157,0.013
7,42,0.5556,0.0277,0.0181,0.0068,0.3797,0.0318,0.0063,0.0063,0.0441,0.0217,0.0131
7,43,0.4906,0.0272,0.018,0.0065,0.3414,0.0417,0.0081,0.0069,0.0136,0.015,0.0122
7,44,0.4585,0.025,0.0171,0.0059,0.3158,0.0411,0.0073,0.0064,0.0119,0.015,0.013
7,45,0.4896,0.0244,0.017,0.006,0.3389,0.0442,0.0081,0.0076,0.0134,0.0163,0.0137
7,46,0.441,0.026,0.018,0.0063,0.3118,0.0284,0.0065,0.0065,0.0111,0.0146,0.0118
7,47,0.9554,0.024,0.0165,0.006,0.7781,0.0573,0.0072,0.0074,0.0209,0.0216,0.0164
7,48,0.6262,0.0383,0.0287,0.008,0.4451,0.0456,0.0096,0.007,0.0139,0.0162,0.0138
7,49,0.4734,0.0277,0.0193,0.0062,0.3386,0.0302,0.0064,0.0063,0.0119,0.015,0.0118
7,50,0.4332,0.0249,0.0182,0.0059,0.3063,0.0285,0.006,0.006,0.011,0.0151,0.0113
7,51,0.4467,0.0234,0.0174,0.0059,0.3211,0.029,0.0065,0.0068,0.0112,0.0139,0.0115
7,52,0.4475,0.0251,0.0164,0.0057,0.309,0.0397,0.0075,0.0062,0.0116,0.0147,0.0116
7,53,0.5008,0.0231,0.0169,0.0055,0.3679,0.0341,0.0069,0.0066,0.0119,0.0153,0.0126
7,54,0.4834,0.0255,0.0178,0.0063,0.3514,0.0309,0.0062,0.0066,0.011,0.016,0.0117
7,55,0.4312,0.0248,0.0188,0.0056,0.3047,0.0287,0.0066,0.006,0.0102,0.0142,0.0116
7,56,0.4258,0.0256,0.0163,0.0058,0.3018,0.0275,0.0062,0.006,0.0103,0.0147,0.0116
7,57,0.4239,0.0238,0.0172,0.0062,0.2986,0.0294,0.0067,0.0067,0.01,0.014,0.0113
7,58,0.4438,0.0241,0.016,0.0056,0.3195,0.0294,0.0063,0.006,0.0099,0.0143,0.0127
7,59,0.4162,0.0231,0.0168,0.0061,0.2938,0.0273,0.0059,0.006,0.0104,0.0157,0.0111
7,60,0.417,0.0242,0.0172,0.0057,0.2943,0.0273,0.0066,0.0062,0.0106,0.0138,0.0111
7,61,0.4198,0.0245,0.0159,0.0057,0.2972,0.0282,0.0068,0.0058,0.0105,0.014,0.0112
7,62,0.4377,0.0232,0.0158,0.006,0.2917,0.0283,0.006,0.0273,0.0114,0.0156,0.0124
7,63,0.4164,0.0238,0.017,0.0065,0.2937,0.0273,0.006,0.0059,0.0105,0.0146,0.0111
7,64,0.4712,0.0239,0.0171,0.0058,0.3288,0.0404,0.0076,0.0063,0.0124,0.0163,0.0126
7,65,0.4849,0.0246,0.0177,0.0062,0.341,0.0413,0.0077,0.0069,0.0121,0.0147,0.0127
7,66,0.4626,0.0247,0.0168,0.0051,0.3193,0.0415,0.0079,0.0066,0.013,0.0153,0.0124
7,67,0.4502,0.0249,0.0168,0.0059,0.324,0.0298,0.0063,0.006,0.0103,0.0143,0.0119
7,68,0.4047,0.0236,0.0166,0.0056,0.2838,0.0273,0.0061,0.0059,0.0099,0.0144,0.0115
7,69,0.3963,0.0231,0.0161,0.0057,0.2768,0.0271,0.006,0.0061,0.0101,0.0138,0.0115
7,70,0.5019,0.0242,0.0163,0.0058,0.3246,0.0339,0.0164,0.0099,0.039,0.0181,0.0137
7,71,0.5166,0.0259,0.0173,0.0059,0.3732,0.0413,0.0077,0.0064,0.0126,0.0148,0.0115
7,72,0.4955,0.0269,0.0178,0.0067,0.3499,0.036,0.0069,0.0067,0.0139,0.0176,0.0131
7,73,0.5545,0.058,0.0203,0.0067,0.3745,0.0419,0.0074,0.0066,0.0118,0.0152,0.0121
7,74,0.4954,0.0247,0.0175,0.0059,0.3612,0.033,0.0065,0.0062,0.012,0.0159,0.0125
7,75,0.4977,0.0252,0.0178,0.0059,0.3634,0.03,0.0071,0.0069,0.0119,0.0164,0.0131
7,76,0.4654,0.0267,0.0193,0.0068,0.3265,0.0321,0.007,0.0066,0.0118,0.016,0.0126
7,77,0.4762,0.0271,0.0186,0.0066,0.3345,0.0338,0.0077,0.0063,0.0138,0.0151,0.0127
7,78,0.4882,0.0251,0.0178,0.0066,0.3279,0.0428,0.0097,0.0082,0.0136,0.0204,0.0161
7,79,0.6063,0.0332,0.0238,0.0089,0.447,0.035,0.0075,0.0073,0.0132,0.0169,0.0135
7,80,0.8922,0.0277,0.0196,0.0067,0.66,0.098,0.012,0.0095,0.0181,0.0226,0.018
7,81,0.7492,0.0372,0.0256,0.0075,0.4959,0.0489,0.0087,0.0088,0.0733,0.0241,0.0192
7,82,0.5813,0.0387,0.0264,0.0084,0.3975,0.049,0.0085,0.0076,0.0138,0.0172,0.0142
7,83,0.6248,0.0281,0.0208,0.0062,0.3976,0.0411,0.0082,0.0084,0.0727,0.0257,0.016
7,84,0.7858,0.0326,0.024,0.0073,0.6087,0.0473,0.0078,0.0086,0.0145,0.0194,0.0156
7,85,0.5712,0.0332,0.0367,0.0074,0.3955,0.0356,0.0076,0.0074,0.0154,0.0174,0.015
7,86,0.5182,0.0273,0.0198,0.0066,0.3691,0.0411,0.0082,0.0064,0.0117,0.0151,0.0129
7,87,0.5537,0.0525,0.0186,0.006,0.3885,0.033,0.0073,0.0079,0.0121,0.0155,0.0123
7,88,0.4716,0.0266,0.0173,0.006,0.3224,0.0462,0.0074,0.0073,0.0112,0.0153,0.0119
7,89,0.4286,0.0263,0.0173,0.0056,0.3015,0.0284,0.0062,0.006,0.0101,0.0151,0.0121
7,90,0.4186,0.0232,0.0175,0.0059,0.2955,0.0273,0.0066,0.0062,0.0106,0.0141,0.0117
7,91,0.4214,0.0249,0.0159,0.0056,0.2969,0.029,0.0062,0.0059,0.0099,0.0148,0.0123
7,92,0.4206,0.0236,0.0165,0.0058,0.2979,0.0275,0.0067,0.0065,0.0106,0.0147,0.0108
7,93,0.4505,0.0246,0.0175,0.0057,0.3222,0.0308,0.0064,0.0062,0.01,0.0148,0.0123
7,94,0.4204,0.0243,0.0169,0.0061,0.2981,0.0266,0.006,0.0064,0.0108,0.014,0.0112
7,95,0.4107,0.0239,0.0163,0.0056,0.2876,0.0289,0.007,0.006,0.0099,0.0137,0.0118
7,96,0.4186,0.0244,0.0161,0.0059,0.297,0.0272,0.0062,0.0057,0.0105,0.0146,0.011
7,97,0.4098,0.0242,0.0168,0.006,0.2847,0.0292,0.0062,0.006,0.0102,0.0145,0.012
7,98,0.4328,0.0231,0.0169,0.0058,0.312,0.0271,0.0066,0.0064,0.0105,0.0137,0.0107
7,99,0.4084,0.025,0.0156,0.0054,0.2879,0.0272,0.0063,0.0057,0.0101,0.0139,0.0113
7,100,0.4511,0.0224,0.0161,0.0055,0.3073,0.0344,0.0076,0.0068,0.0152,0.0179,0.0179
8,1,0.5715,0.0443,0.0313,0.0088,0.3641,0.0602,0.0105,0.0085,0.0138,0.0162,0.0138
8,2,0.4899,0.0265,0.019,0.0062,0.3468,0.0394,0.0073,0.0062,0.0119,0.0147,0.0119
8,3,0.5078,0.0246,0.0171,0.006,0.3672,0.034,0.0079,0.0072,0.0128,0.0173,0.0137
8,4,0.4625,0.0277,0.0199,0.0068,0.3239,0.0303,0.0068,0.0067,0.0118,0.0156,0.013
8,5,0.468,0.0433,0.0193,0.0065,0.319,0.0295,0.0063,0.0061,0.0112,0.0149,0.0119
8,6,0.4433,0.0266,0.0181,0.0063,0.3093,0.029,0.0071,0.0067,0.0122,0.0155,0.0125
8,7,0.4398,0.0266,0.0185,0.0064,0.3088,0.0292,0.0066,0.0062,0.0107,0.0146,0.0122
8,8,0.4029,0.0236,0.0166,0.0057,0.2826,0.0274,0.0064,0.006,0.0096,0.0138,0.0112
8,9,0.4377,0.0232,0.0161,0.0057,0.305,0.0315,0.0075,0.0082,0.0118,0.0157,0.013
8,10,0.4597,0.0254,0.0185,0.0066,0.3234,0.0317,0.0071,0.007,0.0119,0.0156,0.0125
8,11,1.3054,0.0257,0.0187,0.0068,1.1248,0.0554,0.0091,0.0087,0.0148,0.0226,0.0188
8,12,0.7024,0.0381,0.0243,0.0072,0.4997,0.0565,0.0106,0.009,0.0154,0.0225,0.0191
8,13,0.8719,0.036,0.0249,0.0075,0.6111,0.0693,0.0091,0.0096,0.0562,0.0289,0.0193
8,14,0.5695,0.0367,0.0237,0.0069,0.4011,0.0428,0.0089,0.0073,0.0137,0.0157,0.0127
8,15,0.4692,0.0271,0.018,0.0057,0.3338,0.0312,0.0069,0.0069,0.0116,0.0155,0.0125
8,16,0.4533,0.0266,0.0171,0.0056,0.3138,0.0308,0.0062,0.0064,0.0138,0.0194,0.0136
8,17,0.5799,0.0259,0.0184,0.0061,0.4263,0.0399,0.008,0.0073,0.0141,0.0189,0.015
8,18,0.5625,0.0328,0.0229,0.0082,0.3977,0.0379,0.0082,0.0075,0.0131,0.0189,0.0153
8,19,0.4786,0.0323,0.0224,0.0071,0.3297,0.031,0.0077,0.0069,0.012,0.0169,0.0126
8,20,0.4502,0.0274,0.0192,0.0068,0.3136,0.03,0.0077,0.0062,0.0116,0.0155,0.0122
8,21,0.4502,0.0244,0.018,0.0064,0.3173,0.0315,0.0071,0.0062,0.0121,0.0152,0.012
8,22,0.4859,0.026,0.0187,0.007,0.3243,0.0315,0.0073,0.0284,0.0129,0.0172,0.0126
8,23,0.4663,0.0262,0.0188,0.0067,0.3336,0.0308,0.0066,0.0062,0.0108,0.0147,0.0119
8,24,0.4491,0.0249,0.0171,0.0061,0.3146,0.0312,0.0072,0.0068,0.0116,0.0164,0.0132
8,25,0.4596,0.0258,0.0183,0.0067,0.3211,0.0324,0.0067,0.0067,0.0124,0.0157,0.0138
8,26,0.4526,0.0283,0.0206,0.0063,0.3161,0.0297,0.0066,0.0069,0.0107,0.0147,0.0127
8,27,0.479,0.0245,0.017,0.0059,0.343,0.0323,0.0071,0.0074,0.0117,0.0167,0.0134
8,28,0.4385,0.0271,0.0187,0.0065,0.3085,0.0285,0.0062,0.0062,0.011,0.0141,0.0117
8,29,0.4399,0.0245,0.0168,0.0063,0.3091,0.0302,0.0068,0.0067,0.0114,0.0156,0.0125
8,30,0.446,0.0244,0.0177,0.0069,0.3148,0.0288,0.007,0.0066,0.0115,0.0159,0.0124
8,31,0.4658,0.0256,0.0177,0.0064,0.3358,0.0302,0.0065,0.0062,0.0106,0.0148,0.012
8,32,0.4502,0.0258,0.018,0.007,0.3146,0.031,0.0067,0.0068,0.0117,0.0156,0.013
8,33,0.4661,0.0265,0.019,0.0068,0.3246,0.0323,0.0074,0.007,0.0122,0.0168,0.0135
8,34,0.488,0.027,0.0188,0.007,0.3408,0.0348,0.0075,0.0074,0.0125,0.0181,0.0141
8,35,0.5123,0.0275,0.0198,0.0068,0.3655,0.0332,0.0074,0.0077,0.013,0.0171,0.0143
8,36,0.4681,0.0277,0.0199,0.0072,0.3264,0.0315,0.0069,0.0073,0.0116,0.0161,0.0135
8,37,0.4619,0.0266,0.0181,0.0067,0.3224,0.0312,0.0067,0.0072,0.013,0.0163,0.0137
8,38,0.4844,0.028,0.0188,0.0064,0.3395,0.0321,0.0066,0.008,0.0137,0.0176,0.0137
8,39,0.4969,0.0284,0.0201,0.0066,0.3347,0.0311,0.0069,0.0063,0.011,0.0383,0.0135
8,40,0.829,0.0273,0.0196,0.0065,0.6407,0.0508,0.0104,0.0094,0.0172,0.0245,0.0226
8,41,0.5941,0.043,0.029,0.0092,0.4081,0.0428,0.0084,0.0069,0.0138,0.0184,0.0145
8,42,0.5533,0.0309,0.0219,0.0065,0.4037,0.0344,0.0076,0.0069,0.0118,0.0166,0.013
8,43,0.4487,0.0276,0.0191,0.0063,0.3167,0.0282,0.006,0.0059,0.0111,0.0152,0.0126
8,44,0.4493,0.0263,0.0185,0.006,0.3182,0.0293,0.0064,0.0062,0.0112,0.0152,0.012
8,45,0.6556,0.025,0.0178,0.0059,0.3084,0.2023,0.0119,0.0096,0.0364,0.0226,0.0157
8,46,0.5363,0.0285,0.0198,0.0081,0.377,0.0455,0.0079,0.0074,0.0128,0.0152,0.0141
8,47,0.4681,0.0273,0.0183,0.0062,0.329,0.0319,0.0066,0.0068,0.0115,0.0168,0.0137
8,48,0.5337,0.0252,0.0184,0.006,0.3639,0.0455,0.0083,0.0229,0.0141,0.0168,0.0126
8,49,0.4768,0.0256,0.0192,0.0066,0.3388,0.0341,0.0066,0.0062,0.0115,0.0149,0.0133
8,50,0.4645,0.0241,0.0178,0.0062,0.3116,0.031,0.0062,0.006,0.0328,0.0164,0.0124
8,51,0.5996,0.0236,0.0169,0.0057,0.4249,0.0502,0.0108,0.0098,0.0179,0.0214,0.0184
8,52,0.5865,0.0396,0.0254,0.0099,0.4097,0.0397,0.0082,0.0072,0.0134,0.0178,0.0156
8,53,0.534,0.0315,0.0217,0.0074,0.3853,0.0346,0.0066,0.0071,0.0106,0.016,0.0132
8,54,0.4854,0.0281,0.0182,0.0061,0.3467,0.033,0.0066,0.0065,0.011,0.0164,0.0128
8,55,0.5003,0.0251,0.0184,0.0061,0.352,0.0368,0.0075,0.0075,0.0148,0.0184,0.0137
8,56,0.5227,0.029,0.0192,0.0068,0.3485,0.0457,0.0116,0.0096,0.0174,0.0202,0.0147
8,57,0.5742,0.0284,0.0201,0.0065,0.4245,0.0368,0.0076,0.0076,0.0128,0.0171,0.0128
8,58,0.5238,0.0298,0.0181,0.0065,0.3789,0.0354,0.0066,0.007,0.0112,0.0166,0.0137
8,59,0.5097,0.0262,0.0196,0.007,0.3595,0.0416,0.0086,0.0065,0.0118,0.0163,0.0126
8,60,0.622,0.0257,0.0177,0.0062,0.3099,0.0408,0.0082,0.0067,0.0117,0.0616,0.1335
8,61,0.5795,0.0306,0.02,0.0061,0.4115,0.049,0.0094,0.0081,0.0132,0.0182,0.0134
8,62,0.473,0.0388,0.0202,0.006,0.3291,0.0289,0.0063,0.0062,0.0111,0.0144,0.012
8,63,0.5155,0.0249,0.017,0.0056,0.3586,0.0471,0.0084,0.0082,0.0132,0.0181,0.0144
8,64,0.6114,0.0295,0.0208,0.0064,0.4289,0.0563,0.0104,0.0091,0.0143,0.0185,0.0172
8,65,0.7025,0.0354,0.0238,0.0064,0.5163,0.0518,0.0088,0.0083,0.0139,0.0201,0.0177
8,66,0.6825,0.0361,0.024,0.0083,0.4903,0.0501,0.0091,0.0087,0.016,0.0219,0.018
8,67,1.3158,0.0359,0.027,0.0079,0.9615,0.0726,0.0125,0.0116,0.1355,0.0259,0.0254
8,68,1.0432,0.0856,0.0351,0.0093,0.7588,0.0563,0.01,0.0089,0.0348,0.0255,0.0189
8,69,0.7668,0.0384,0.0244,0.0071,0.5492,0.0604,0.0105,0.0099,0.019,0.0259,0.022
8,70,0.8749,0.0407,0.0263,0.0082,0.5768,0.0602,0.0094,0.0086,0.0173,0.0216,0.1058
8,71,0.8989,0.0394,0.0275,0.0081,0.6743,0.0666,0.0101,0.0093,0.0162,0.025,0.0224
8,72,0.8289,0.0421,0.026,0.0074,0.6082,0.0611,0.0109,0.0103,0.0181,0.0247,0.0201
8,73,0.7796,0.0418,0.0307,0.0094,0.5536,0.0605,0.0105,0.0095,0.0177,0.0248,0.0211
8,74,0.7071,0.0409,0.0279,0.0077,0.4934,0.0566,0.0091,0.01,0.0199,0.0225,0.0191
8,75,0.6705,0.0389,0.027,0.0081,0.4678,0.0522,0.0094,0.0095,0.0169,0.0221,0.0186
8,76,0.5879,0.0353,0.0259,0.0079,0.4139,0.0436,0.0079,0.0079,0.012,0.0179,0.0156
8,77,0.5163,0.0316,0.022,0.0063,0.364,0.0372,0.0073,0.007,0.0106,0.0163,0.014
8,78,0.4532,0.0292,0.0201,0.0064,0.315,0.0311,0.0067,0.0064,0.01,0.0156,0.0127
8,79,0.5071,0.027,0.0191,0.0059,0.3418,0.0535,0.0069,0.0066,0.0148,0.0173,0.0142
8,80,0.5158,0.0283,0.0203,0.0063,0.3724,0.0331,0.0075,0.0079,0.0119,0.0153,0.0128
8,81,0.6503,0.0283,0.0196,0.0063,0.3344,0.0645,0.0302,0.0243,0.045,0.053,0.0447
8,82,0.8923,0.0588,0.0236,0.0068,0.6878,0.0477,0.0085,0.0083,0.0138,0.0204,0.0166
8,83,0.5716,0.0317,0.0225,0.0071,0.4184,0.0348,0.0071,0.0072,0.0125,0.0165,0.0138
8,84,0.5534,0.0287,0.0186,0.0061,0.4108,0.0352,0.0067,0.0072,0.0118,0.0155,0.0128
8,85,0.4716,0.0271,0.0181,0.006,0.3299,0.0343,0.0066,0.0072,0.0142,0.0158,0.0124
8,86,0.5272,0.0255,0.0178,0.0063,0.3905,0.0334,0.0067,0.0067,0.0118,0.0156,0.0129
8,87,0.5094,0.0252,0.0173,0.0062,0.3457,0.0485,0.0103,0.008,0.0136,0.0183,0.0163
8,88,0.6022,0.0321,0.0196,0.0069,0.4443,0.0431,0.0078,0.0068,0.0135,0.0153,0.0128
8,89,0.4786,0.0254,0.0177,0.0062,0.3407,0.0329,0.0066,0.0073,0.0137,0.0158,0.0123
8,90,0.515,0.0255,0.0175,0.0061,0.3777,0.0336,0.0066,0.0069,0.0126,0.016,0.0125
8,91,1.137,0.0485,0.0183,0.0061,0.8723,0.0512,0.0081,0.0084,0.079,0.0261,0.019
8,92,0.8041,0.0369,0.027,0.0095,0.499,0.0516,0.0081,0.0089,0.1222,0.0235,0.0174
8,93,0.6882,0.0412,0.0364,0.0074,0.4407,0.0407,0.0067,0.0082,0.0734,0.0197,0.0138
8,94,1.0194,0.0295,0.0216,0.0068,0.6207,0.116,0.0319,0.0108,0.0469,0.0593,0.0759
8,95,0.9991,0.113,0.0788,0.0227,0.6048,0.0616,0.008,0.008,0.0615,0.0225,0.0182
8,96,0.6431,0.0354,0.0234,0.0069,0.436,0.0356,0.0067,0.0073,0.0572,0.0194,0.0152
8,97,0.5703,0.0293,0.02,0.0064,0.4226,0.0355,0.0066,0.007,0.0119,0.0166,0.0144
8,98,0.4385,0.0277,0.0195,0.006,0.3083,0.0278,0.0061,0.0064,0.0103,0.0145,0.0119
8,99,0.4694,0.0229,0.0163,0.0054,0.3037,0.0286,0.0059,0.0069,0.0416,0.0234,0.0147
8,100,0.6077,0.0289,0.0193,0.0069,0.3642,0.0344,0.0071,0.0069,0.0984,0.0255,0.0161
9,1,0.5742,0.0415,0.0293,0.01,0.387,0.0456,0.0093,0.0074,0.0131,0.0172,0.0138
9,2,0.4486,0.028,0.0196,0.0057,0.3185,0.028,0.0066,0.0058,0.01,0.0145,0.0119
9,3,0.4098,0.0236,0.0174,0.0057,0.2888,0.0266,0.0064,0.0069,0.0098,0.0134,0.0112
9,4,0.43,0.0243,0.0164,0.0055,0.3075,0.0281,0.0061,0.0061,0.0109,0.0141,0.011
9,5,0.4483,0.0246,0.0163,0.0054,0.2946,0.0381,0.0111,0.0098,0.013,0.0199,0.0155
9,6,0.5432,0.0317,0.0216,0.0064,0.3841,0.0423,0.0079,0.0066,0.0136,0.0165,0.0125
9,7,0.4582,0.0251,0.0179,0.0055,0.3166,0.0399,0.0073,0.0066,0.0116,0.0153,0.0124
9,8,0.4763,0.0236,0.0164,0.0056,0.3338,0.0416,0.0094,0.0061,0.0125,0.0149,0.0124
9,9,0.5413,0.025,0.0177,0.006,0.3474,0.0371,0.0074,0.0067,0.0138,0.0167,0.0635
9,10,0.5674,0.031,0.0219,0.0066,0.4182,0.0353,0.0075,0.0067,0.0117,0.0151,0.0134
9,11,0.4651,0.0254,0.0194,0.0066,0.3342,0.0305,0.0061,0.006,0.0101,0.0145,0.0123
9,12,0.4444,0.0237,0.0171,0.0065,0.3185,0.0286,0.0071,0.0068,0.0105,0.0139,0.0117
9,13,0.4134,0.0243,0.0159,0.0056,0.2917,0.028,0.006,0.0059,0.0101,0.0142,0.0117
9,14,0.4108,0.0231,0.0169,0.0059,0.288,0.0278,0.0063,0.0067,0.0105,0.0144,0.0112
9,15,0.4092,0.0245,0.0173,0.0056,0.2876,0.0275,0.0057,0.0061,0.0096,0.0145,0.0108
9,16,0.4117,0.0231,0.0165,0.0055,0.2907,0.0283,0.0066,0.0057,0.0098,0.0136,0.0119
9,17,0.449,0.0246,0.0164,0.0059,0.3255,0.0279,0.0064,0.0065,0.0101,0.0142,0.0115
9,18,0.4084,0.0245,0.0158,0.0058,0.2883,0.0267,0.006,0.0059,0.0107,0.014,0.0107
9,19,0.4068,0.0228,0.0174,0.0054,0.2869,0.0267,0.0061,0.0065,0.0098,0.0136,0.0116
9,20,0.4024,0.0246,0.0161,0.0054,0.2825,0.0272,0.0059,0.0055,0.0099,0.0146,0.0107
9,21,0.427,0.0223,0.0161,0.006,0.31,0.027,0.0058,0.0064,0.0096,0.0133,0.0105
9,22,0.4219,0.0412,0.0166,0.0055,0.2861,0.0264,0.0058,0.0055,0.0098,0.0134,0.0116
9,23,0.5783,0.022,0.0163,0.0062,0.3128,0.0562,0.0089,0.0078,0.1021,0.0246,0.0214
9,24,0.5812,0.0322,0.0274,0.021,0.3992,0.045,0.0081,0.0066,0.0124,0.0155,0.0138
9,25,0.542,0.0266,0.019,0.0057,0.3877,0.045,0.0078,0.0066,0.0133,0.0169,0.0134
9,26,0.4465,0.0249,0.0184,0.0058,0.3159,0.0323,0.0063,0.0064,0.0106,0.0143,0.0116
9,27,0.4427,0.0237,0.0171,0.0061,0.3063,0.0306,0.0068,0.0058,0.0164,0.0182,0.0117
9,28,0.5039,0.0239,0.0351,0.007,0.3547,0.0321,0.0065,0.0059,0.0118,0.0148,0.0121
9,29,0.4349,0.0245,0.0168,0.0063,0.3073,0.0297,0.0062,0.0064,0.0106,0.0153,0.0118
9,30,0.4118,0.0238,0.0315,0.0062,0.2775,0.0262,0.0061,0.0059,0.0098,0.0135,0.0113
9,31,0.3861,0.0226,0.0156,0.0055,0.2713,0.0264,0.0059,0.0056,0.01,0.013,0.0102
9,32,0.386,0.024,0.0158,0.0059,0.2686,0.026,0.0059,0.0057,0.0097,0.0135,0.0109
9,33,0.4072,0.0228,0.0161,0.0056,0.2892,0.0263,0.0063,0.0058,0.0099,0.0141,0.0111
9,34,0.3902,0.0226,0.0157,0.0055,0.275,0.0258,0.0059,0.0059,0.0095,0.0135,0.0108
9,35,0.4695,0.0226,0.0156,0.0269,0.3227,0.0311,0.0066,0.0057,0.0118,0.0147,0.0118
9,36,0.3981,0.024,0.0161,0.006,0.28,0.0259,0.006,0.0057,0.0098,0.0137,0.0109
9,37,0.3832,0.0228,0.0153,0.0054,0.2689,0.0256,0.0059,0.0054,0.0097,0.0135,0.0107
9,38,0.3824,0.0223,0.0157,0.0055,0.2686,0.0253,0.0058,0.0056,0.0095,0.0134,0.0107
9,39,0.3863,0.0219,0.0157,0.0056,0.2706,0.0259,0.0059,0.0058,0.0099,0.0137,0.0113
9,40,0.4127,0.0442,0.0166,0.0055,0.2742,0.0263,0.0058,0.0057,0.01,0.0136,0.0108
9,41,0.3823,0.0227,0.0156,0.0054,0.2681,0.026,0.0058,0.0056,0.0096,0.0131,0.0104
9,42,0.431,0.0213,0.0152,0.0054,0.3105,0.0303,0.0063,0.0058,0.011,0.0139,0.0113
9,43,0.405,0.0231,0.016,0.0059,0.2881,0.0262,0.0059,0.006,0.0097,0.0133,0.0108
9,44,0.4025,0.022,0.0155,0.0055,0.2689,0.0251,0.006,0.0056,0.0097,0.0132,0.031
9,45,0.3843,0.0225,0.0156,0.0055,0.2698,0.0256,0.006,0.0057,0.0098,0.0134,0.0104
9,46,0.3807,0.0222,0.0149,0.0055,0.2675,0.0252,0.0059,0.0058,0.0096,0.0135,0.0106
9,47,0.3825,0.0219,0.0154,0.0054,0.2691,0.0251,0.0057,0.0057,0.01,0.0135,0.0107
9,48,0.3835,0.022,0.0162,0.0057,0.2681,0.0257,0.0059,0.0057,0.0098,0.0134,0.011
9,49,0.3868,0.0225,0.0155,0.0056,0.2699,0.0269,0.0059,0.0061,0.0099,0.0138,0.0107
9,50,0.4842,0.0226,0.0353,0.006,0.3107,0.0311,0.0064,0.0063,0.0387,0.0157,0.0114
9,51,0.4173,0.0248,0.0173,0.0061,0.2954,0.0266,0.0059,0.0062,0.0102,0.0142,0.0106
9,52,0.4098,0.0227,0.0158,0.0056,0.2729,0.0361,0.0082,0.0069,0.0122,0.0172,0.0122
9,53,0.4391,0.024,0.0199,0.0061,0.3125,0.0293,0.0062,0.0059,0.0101,0.0139,0.0112
9,54,0.4173,0.0227,0.0162,0.0054,0.2993,0.0272,0.0059,0.0056,0.0101,0.0136,0.0113
9,55,0.3833,0.0222,0.0153,0.0055,0.2701,0.0253,0.0058,0.0058,0.0096,0.0133,0.0104
9,56,0.3824,0.0215,0.015,0.0051,0.2696,0.0255,0.006,0.0058,0.0096,0.0137,0.0106
9,57,0.4124,0.0225,0.0154,0.0054,0.2948,0.0272,0.006,0.0062,0.0097,0.0142,0.011
9,58,1.1898,0.0232,0.0174,0.0058,0.9992,0.0491,0.0084,0.0076,0.0374,0.0245,0.0172
9,59,0.5867,0.0369,0.0232,0.0084,0.3983,0.0603,0.0079,0.0071,0.0133,0.0175,0.0138
9,60,0.4838,0.0251,0.0177,0.0057,0.3464,0.0348,0.0074,0.0066,0.0123,0.0153,0.0125
9,61,0.5026,0.0263,0.019,0.0067,0.3666,0.0307,0.0067,0.0067,0.0142,0.0142,0.0115
9,62,0.4769,0.0244,0.017,0.0056,0.3453,0.0325,0.0066,0.0065,0.011,0.0153,0.0127
9,63,0.4172,0.0264,0.0173,0.0057,0.293,0.0272,0.0061,0.006,0.0102,0.0139,0.0114
9,64,0.3891,0.0237,0.0159,0.0056,0.2719,0.0255,0.0061,0.0059,0.0101,0.0134,0.011
9,65,0.4104,0.0227,0.0152,0.0055,0.2762,0.0368,0.0082,0.0061,0.0107,0.0148,0.0142
9,66,0.5348,0.0263,0.0181,0.0058,0.3799,0.0431,0.0089,0.008,0.0149,0.0163,0.0135
9,67,0.6026,0.0296,0.0209,0.0054,0.456,0.0364,0.0063,0.0064,0.0112,0.0164,0.014
9,68,0.4633,0.0264,0.0196,0.0059,0.3142,0.0415,0.0079,0.0063,0.0117,0.0171,0.0127
9,69,0.4661,0.0252,0.018,0.0058,0.3212,0.0405,0.0091,0.0059,0.011,0.0167,0.0127
9,70,1.5359,0.0284,0.0178,0.0055,1.3634,0.0514,0.0086,0.0085,0.0137,0.0212,0.0174
9,71,0.5298,0.0344,0.0224,0.0064,0.378,0.0342,0.0063,0.0064,0.0139,0.0156,0.0122
9,72,0.5398,0.0245,0.0176,0.0057,0.403,0.0338,0.0067,0.0065,0.0124,0.0169,0.0127
9,73,0.669,0.0265,0.0181,0.0063,0.5237,0.0357,0.0077,0.0074,0.0133,0.0162,0.0141
9,74,0.5113,0.0268,0.0205,0.0061,0.3714,0.0323,0.0068,0.0063,0.0133,0.015,0.0128
9,75,0.4538,0.0263,0.0173,0.0059,0.3126,0.0282,0.0192,0.0061,0.0103,0.0154,0.0125
9,76,0.4788,0.0247,0.0173,0.006,0.3294,0.0403,0.0082,0.0059,0.0136,0.0167,0.0167
9,77,0.5508,0.0268,0.0179,0.0062,0.3515,0.0892,0.0087,0.0066,0.0142,0.0164,0.0133
9,78,0.5916,0.0253,0.0178,0.0061,0.4366,0.0488,0.0078,0.0063,0.0124,0.017,0.0135
9,79,0.5146,0.0291,0.0181,0.0062,0.3711,0.0346,0.0069,0.007,0.0121,0.0161,0.0134
9,80,0.4668,0.0276,0.0184,0.0075,0.3319,0.0296,0.0067,0.0065,0.011,0.0149,0.0127
9,81,0.4265,0.0248,0.0169,0.0058,0.3013,0.0287,0.0064,0.0059,0.0104,0.0145,0.0118
9,82,0.4267,0.024,0.0177,0.006,0.3026,0.0276,0.0066,0.0061,0.0101,0.0145,0.0115
9,83,0.4728,0.0236,0.0174,0.0057,0.3146,0.0508,0.0075,0.0073,0.0126,0.0181,0.0152
9,84,0.6077,0.0296,0.0232,0.0057,0.4231,0.0569,0.0099,0.0083,0.0136,0.0207,0.0167
9,85,0.5698,0.031,0.022,0.0064,0.4092,0.0412,0.0075,0.0081,0.0128,0.0173,0.0143
9,86,0.7716,0.0272,0.0188,0.0061,0.3477,0.0441,0.2327,0.0388,0.0166,0.0225,0.0171
9,87,0.762,0.0356,0.0227,0.0079,0.5245,0.0517,0.0076,0.0081,0.0612,0.0262,0.0165
9,88,0.4943,0.0314,0.022,0.0065,0.3532,0.031,0.0066,0.0069,0.0104,0.0148,0.0115
9,89,0.445,0.025,0.0171,0.0057,0.2994,0.0395,0.0078,0.0061,0.0137,0.0171,0.0136
9,90,0.4978,0.0254,0.0174,0.0058,0.3521,0.0409,0.0087,0.0064,0.0129,0.0157,0.0125
9,91,0.518,0.0249,0.0171,0.0061,0.3561,0.0549,0.008,0.0065,0.0146,0.0167,0.0131
9,92,0.5788,0.0278,0.0212,0.0058,0.4291,0.0393,0.0069,0.0069,0.0124,0.017,0.0124
9,93,0.5301,0.0286,0.0204,0.0058,0.3872,0.0345,0.0068,0.0068,0.0117,0.0157,0.0126
9,94,0.5283,0.0278,0.0175,0.0057,0.3917,0.0329,0.0064,0.0066,0.0117,0.0153,0.0127
9,95,0.4499,0.0273,0.018,0.0057,0.3162,0.0324,0.0064,0.0057,0.0107,0.0157,0.0118
9,96,0.4276,0.0262,0.018,0.0057,0.2983,0.0296,0.0064,0.006,0.0104,0.0148,0.0122
9,97,0.4166,0.0245,0.018,0.0057,0.2917,0.0278,0.0067,0.0064,0.0106,0.014,0.0112
9,98,0.4484,0.0243,0.0163,0.0054,0.3239,0.0293,0.0063,0.0057,0.0102,0.0155,0.0115
9,99,0.4311,0.0245,0.0179,0.0064,0.3054,0.0286,0.0065,0.0059,0.0098,0.014,0.0121
9,100,0.4252,0.0232,0.0166,0.0057,0.2974,0.0292,0.0065,0.0067,0.0097,0.0191,0.0111
10,1,0.7967,0.0429,0.0415,0.011,0.5704,0.0577,0.0103,0.0093,0.0146,0.0214,0.0176
10,2,0.782,0.0353,0.0235,0.0069,0.5374,0.0652,0.015,0.0285,0.0187,0.03,0.0215
10,3,0.8709,0.0451,0.0302,0.0112,0.6399,0.0625,0.0099,0.0096,0.0172,0.0256,0.0197
10,4,0.8832,0.045,0.0293,0.0085,0.6339,0.0664,0.0162,0.0139,0.0173,0.0265,0.0262
10,5,0.8103,0.0431,0.0342,0.0131,0.6033,0.048,0.0083,0.008,0.0143,0.0207,0.0173
10,6,0.8982,0.034,0.0236,0.0065,0.6749,0.069,0.0132,0.0117,0.0172,0.0224,0.0257
10,7,0.8286,0.0488,0.0304,0.0093,0.6074,0.0638,0.0082,0.0081,0.0147,0.0195,0.0184
10,8,0.8089,0.0334,0.023,0.007,0.6064,0.0574,0.0104,0.0108,0.0173,0.0231,0.0201
10,9,0.7453,0.0393,0.0273,0.0085,0.5571,0.047,0.0076,0.0085,0.0133,0.0203,0.0164
10,10,0.745,0.03,0.022,0.0065,0.5346,0.0592,0.0122,0.0121,0.0183,0.0258,0.0243
10,11,0.7783,0.0441,0.0299,0.0104,0.5482,0.0568,0.0142,0.0113,0.0184,0.0284,0.0166
10,12,3.2612,0.0335,0.0224,0.0077,0.4092,2.7004,0.015,0.011,0.0173,0.0244,0.0203
10,13,1.5959,0.041,0.0272,0.0077,0.992,0.0646,0.0091,0.0088,0.2668,0.1411,0.0376
10,14,1.0216,0.0578,0.0355,0.0108,0.7636,0.07,0.0105,0.0102,0.018,0.0235,0.0217
10,15,1.0577,0.0396,0.028,0.0079,0.8319,0.0669,0.0099,0.0091,0.017,0.0254,0.022
10,16,0.7428,0.0414,0.0291,0.0086,0.5208,0.0595,0.0097,0.0094,0.0177,0.0259,0.0207
10,17,0.8128,0.0422,0.0295,0.0072,0.5893,0.0628,0.0095,0.0093,0.0193,0.0238,0.0199
10,18,0.9839,0.0394,0.0281,0.0083,0.7673,0.0655,0.009,0.0086,0.0157,0.023,0.019
10,19,0.6362,0.0376,0.0262,0.0075,0.4485,0.048,0.0081,0.0083,0.0133,0.0213,0.0174
10,20,0.6873,0.0343,0.0242,0.0069,0.4891,0.057,0.0092,0.0074,0.0145,0.027,0.0177
10,21,0.6727,0.034,0.0229,0.0067,0.4944,0.0476,0.0086,0.0086,0.0129,0.0207,0.0163
10,22,0.5387,0.033,0.0231,0.0071,0.3794,0.0367,0.0072,0.0074,0.0118,0.0185,0.0145
10,23,0.5227,0.0308,0.0213,0.0062,0.3463,0.0345,0.0069,0.0069,0.012,0.0434,0.0144
10,24,0.5664,0.0299,0.0209,0.0062,0.4052,0.0416,0.0069,0.0075,0.015,0.0184,0.0148
10,25,0.8869,0.0296,0.0205,0.0064,0.6638,0.0819,0.0112,0.0103,0.0191,0.0241,0.02
10,26,0.6432,0.0383,0.0246,0.0076,0.4727,0.0394,0.0077,0.008,0.0125,0.0179,0.0145
10,27,0.4824,0.0304,0.0201,0.0058,0.3407,0.0336,0.0071,0.0062,0.0098,0.0153,0.0134
10,28,0.4364,0.0263,0.0188,0.0062,0.3043,0.0294,0.0066,0.0065,0.0105,0.0154,0.0124
10,29,0.4988,0.0256,0.0171,0.0052,0.3515,0.0371,0.008,0.0069,0.016,0.0183,0.0131
10,30,1.1216,0.3838,0.0537,0.0096,0.5373,0.0537,0.0093,0.0093,0.0167,0.0279,0.0203
10,31,0.7434,0.0387,0.0257,0.0074,0.5064,0.0493,0.0092,0.0095,0.0486,0.0302,0.0184
10,32,0.8728,0.0365,0.0246,0.0077,0.5324,0.0882,0.0099,0.0094,0.1162,0.0284,0.0195
10,33,0.7256,0.0374,0.0284,0.0074,0.5318,0.0494,0.008,0.0078,0.0136,0.0222,0.0196
10,34,0.7205,0.0359,0.026,0.0076,0.456,0.0567,0.0142,0.0102,0.0634,0.0289,0.0216
10,35,0.8141,0.0385,0.0276,0.0088,0.5586,0.0993,0.01,0.0093,0.0154,0.028,0.0186
10,36,1.5722,0.0376,0.0263,0.0077,1.3458,0.0692,0.0117,0.0094,0.0171,0.0251,0.0223
10,37,0.7255,0.04,0.027,0.0078,0.5184,0.0589,0.0107,0.009,0.0149,0.0212,0.0176
10,38,0.5927,0.0358,0.0234,0.0067,0.4277,0.0391,0.0073,0.0076,0.012,0.0182,0.0149
10,39,0.6161,0.031,0.0208,0.0068,0.4686,0.0339,0.0067,0.0066,0.0118,0.0172,0.0127
10,40,0.6491,0.0295,0.019,0.0061,0.487,0.0424,0.008,0.0076,0.0144,0.0192,0.0159
10,41,0.687,0.0344,0.0245,0.0072,0.5085,0.0495,0.0089,0.0087,0.0136,0.0174,0.0143
10,42,0.7559,0.0316,0.0202,0.0062,0.5772,0.0535,0.0084,0.0081,0.0142,0.0205,0.016
10,43,0.6995,0.0337,0.0209,0.0067,0.5237,0.0455,0.0083,0.0085,0.0154,0.0207,0.0161
10,44,0.705,0.0354,0.0231,0.0076,0.5274,0.0448,0.0079,0.0084,0.0152,0.0193,0.0159
10,45,0.6924,0.0336,0.022,0.0068,0.5138,0.0489,0.0076,0.0086,0.0145,0.0195,0.0171
10,46,0.7056,0.0345,0.0221,0.007,0.5173,0.0566,0.0098,0.0086,0.0138,0.0194,0.0165
10,47,0.5833,0.0499,0.0228,0.0069,0.3972,0.0413,0.0075,0.0072,0.0148,0.0194,0.0163
10,48,0.5664,0.0308,0.0215,0.0064,0.4112,0.0353,0.0073,0.0074,0.0137,0.0192,0.0136
10,49,0.4718,0.0297,0.0185,0.0062,0.3313,0.0329,0.0064,0.0063,0.0112,0.0155,0.0138
10,50,0.6273,0.0262,0.0177,0.0062,0.4777,0.041,0.0072,0.0078,0.0128,0.0176,0.0131
10,51,0.5497,0.0257,0.0192,0.0084,0.3943,0.0403,0.007,0.0066,0.0135,0.0188,0.0159
10,52,0.6334,0.0363,0.0232,0.0077,0.4421,0.0549,0.0102,0.0087,0.0158,0.0185,0.016
10,53,0.5334,0.0332,0.0208,0.0067,0.3779,0.0356,0.0072,0.0073,0.0121,0.0174,0.0152
10,54,0.5181,0.0294,0.0202,0.0058,0.3568,0.0393,0.0083,0.0066,0.014,0.0197,0.018
10,55,0.8082,0.0282,0.0225,0.0065,0.6306,0.0519,0.0086,0.0079,0.0151,0.0217,0.0152
10,56,1.0027,0.0386,0.0245,0.0084,0.7873,0.0585,0.0096,0.0089,0.0188,0.0262,0.0219
10,57,1.0444,0.037,0.0272,0.009,0.8293,0.0625,0.0102,0.0102,0.0162,0.0237,0.0191
10,58,0.7431,0.0399,0.0292,0.0085,0.5079,0.0845,0.0109,0.0088,0.0148,0.0204,0.0182
10,59,0.797,0.0335,0.0234,0.007,0.5891,0.0702,0.0086,0.0089,0.0175,0.0216,0.0172
10,60,0.9081,0.0643,0.0262,0.0066,0.684,0.0535,0.0095,0.0094,0.0161,0.0208,0.0177
10,61,0.7387,0.0335,0.0263,0.0081,0.5281,0.0591,0.0103,0.0094,0.0195,0.0229,0.0215
10,62,0.8184,0.0481,0.0288,0.0104,0.586,0.0586,0.0108,0.0088,0.0165,0.0222,0.0282
10,63,0.6894,0.0383,0.0264,0.0082,0.438,0.0544,0.0108,0.0095,0.0436,0.033,0.0272
10,64,0.9188,0.0402,0.0236,0.0071,0.6991,0.0618,0.0105,0.0094,0.0184,0.0284,0.0203
10,65,1.1812,0.0397,0.0263,0.0075,0.9313,0.0723,0.0146,0.012,0.0221,0.0293,0.0261
10,66,0.7062,0.0491,0.0345,0.0099,0.4919,0.046,0.0093,0.0087,0.0149,0.0234,0.0185
10,67,1.5691,0.8524,0.039,0.0105,0.519,0.0609,0.0106,0.0108,0.0167,0.027,0.0222
10,68,0.7285,0.0431,0.028,0.0081,0.506,0.057,0.0117,0.0104,0.017,0.0261,0.0211
10,69,0.6121,0.0419,0.0308,0.0091,0.4327,0.0375,0.0075,0.0069,0.0126,0.0195,0.0136
10,70,0.6284,0.059,0.0255,0.0076,0.4226,0.0435,0.0086,0.008,0.0155,0.0213,0.0168
10,71,0.6932,0.1182,0.0292,0.0083,0.426,0.0428,0.0088,0.0081,0.0144,0.0203,0.0171
10,72,0.5583,0.036,0.0233,0.0073,0.3899,0.0392,0.0076,0.0075,0.0139,0.0192,0.0144
10,73,0.5401,0.0325,0.022,0.0072,0.3779,0.0374,0.0079,0.0073,0.0141,0.0182,0.0156
10,74,0.552,0.0326,0.0233,0.0076,0.3952,0.0329,0.0074,0.0067,0.0139,0.0177,0.0147
10,75,0.5251,0.0299,0.0212,0.0069,0.3687,0.0368,0.0084,0.0068,0.0136,0.0178,0.015
10,76,0.5645,0.032,0.0247,0.0068,0.3978,0.0393,0.0082,0.0072,0.0138,0.0191,0.0156
10,77,0.5479,0.0318,0.0236,0.0069,0.3836,0.0358,0.0073,0.0074,0.013,0.0213,0.0172
10,78,0.5645,0.0547,0.0237,0.0071,0.3762,0.0386,0.0071,0.0074,0.0144,0.0191,0.0162
10,79,0.5387,0.0323,0.0222,0.0066,0.3875,0.0345,0.0066,0.0065,0.0114,0.0167,0.0144
10,80,0.4345,0.0273,0.0192,0.0059,0.305,0.0281,0.0065,0.0064,0.0103,0.014,0.0118
10,81,0.4049,0.0241,0.017,0.0057,0.2839,0.0269,0.0062,0.006,0.0102,0.0135,0.0114
10,82,0.4225,0.0228,0.0159,0.0054,0.3042,0.0266,0.0062,0.0061,0.0107,0.0137,0.0109
10,83,0.3953,0.0232,0.0158,0.0056,0.2776,0.0268,0.0059,0.0059,0.0099,0.0137,0.0109
10,84,0.3959,0.0227,0.016,0.0056,0.278,0.0266,0.0061,0.0059,0.01,0.0137,0.0113
10,85,0.4021,0.0228,0.0162,0.0057,0.2829,0.0271,0.006,0.0058,0.0103,0.0142,0.0111
10,86,0.3982,0.0233,0.0165,0.0059,0.2795,0.0265,0.0061,0.0057,0.0098,0.0138,0.0111
10,87,0.4304,0.0233,0.0371,0.0063,0.2878,0.0277,0.006,0.0063,0.0104,0.0142,0.0113
10,88,0.4034,0.0241,0.0171,0.006,0.2831,0.0267,0.0059,0.006,0.01,0.0136,0.0109
10,89,0.3923,0.0228,0.016,0.0056,0.2758,0.026,0.006,0.0057,0.0097,0.0137,0.011
10,90,0.4282,0.0223,0.0159,0.0055,0.3089,0.0281,0.0063,0.0058,0.0103,0.0135,0.0116
10,91,0.4241,0.0231,0.0162,0.0057,0.2839,0.0278,0.0061,0.0061,0.0288,0.0149,0.0115
10,92,0.4238,0.0247,0.0185,0.0061,0.2984,0.0277,0.0067,0.0061,0.0105,0.014,0.0111
10,93,0.646,0.0242,0.0171,0.0059,0.4412,0.0537,0.01,0.0379,0.0189,0.0214,0.0157
10,94,0.6432,0.0315,0.0219,0.0071,0.4216,0.061,0.0157,0.0111,0.0241,0.0294,0.0198
10,95,0.8422,0.0445,0.0287,0.0126,0.6571,0.0374,0.0086,0.0076,0.0127,0.0187,0.0143
10,96,0.5059,0.0319,0.0226,0.007,0.3537,0.0333,0.0076,0.0071,0.0121,0.0172,0.0134
10,97,0.6371,0.0294,0.0207,0.0068,0.3933,0.0346,0.0073,0.0068,0.0959,0.0255,0.0168
10,98,0.6476,0.0301,0.0191,0.0068,0.4511,0.0477,0.0097,0.0082,0.038,0.0225,0.0144
10,99,0.6319,0.0309,0.0217,0.007,0.4834,0.0354,0.0066,0.0066,0.0128,0.0156,0.0119
10,100,0.4381,0.026,0.0177,0.0059,0.3107,0.0284,0.0063,0.0062,0.0106,0.0143,0.012
11,1,0.9911,0.0401,0.0276,0.0076,0.6372,0.0572,0.0097,0.0122,0.1499,0.0292,0.0204
11,2,0.9385,0.0424,0.0349,0.0128,0.7202,0.0542,0.0089,0.0085,0.0145,0.0229,0.0192
11,3,0.641,0.0371,0.0249,0.0084,0.4504,0.0522,0.0101,0.0081,0.0143,0.0193,0.0162
11,4,0.5517,0.0319,0.0227,0.0066,0.3593,0.0506,0.013,0.0096,0.0177,0.0229,0.0174
11,5,0.675,0.0316,0.0474,0.0092,0.4779,0.0444,0.0084,0.0077,0.0132,0.019,0.0162
11,6,0.5208,0.032,0.0221,0.0068,0.3681,0.0352,0.0065,0.0062,0.0139,0.0161,0.0139
11,7,0.6285,0.0297,0.0193,0.0062,0.4313,0.0455,0.0078,0.0069,0.0136,0.0497,0.0185
11,8,0.5454,0.0344,0.0226,0.0073,0.3887,0.0347,0.0065,0.0064,0.0149,0.0168,0.0131
11,9,0.5598,0.0311,0.0196,0.0057,0.411,0.0375,0.0065,0.0063,0.0127,0.0166,0.0128
11,10,0.5264,0.0288,0.0194,0.0062,0.3796,0.036,0.0068,0.0064,0.0136,0.0161,0.0135
11,11,0.5103,0.0285,0.0196,0.0063,0.3656,0.0353,0.0067,0.0062,0.014,0.0157,0.0124
11,12,0.5406,0.0286,0.0192,0.0061,0.3871,0.039,0.0068,0.0076,0.014,0.0175,0.0147
11,13,0.642,0.0297,0.0205,0.0062,0.4261,0.0622,0.0131,0.0114,0.0221,0.0279,0.0228
11,14,0.7511,0.0431,0.0249,0.0068,0.5151,0.0471,0.0085,0.0081,0.0141,0.019,0.0644
11,15,0.6088,0.036,0.0238,0.007,0.422,0.0515,0.0098,0.0083,0.0142,0.0203,0.0159
11,16,0.5927,0.0307,0.0224,0.0069,0.4067,0.0489,0.0087,0.0067,0.015,0.0167,0.03
11,17,0.5739,0.0308,0.0212,0.0062,0.4144,0.0408,0.0078,0.0071,0.0145,0.0175,0.0136
11,18,0.5471,0.0293,0.0206,0.0065,0.3974,0.0362,0.0068,0.0064,0.0136,0.0171,0.0132
11,19,0.5711,0.0284,0.035,0.0066,0.3909,0.0458,0.0097,0.007,0.0141,0.0177,0.0159
11,20,0.5408,0.0313,0.021,0.0078,0.3788,0.0434,0.0084,0.0073,0.0135,0.0158,0.0135
11,21,0.524,0.0274,0.0183,0.0063,0.3872,0.0318,0.0073,0.0062,0.0125,0.0148,0.0122
11,22,0.5119,0.0276,0.0181,0.006,0.3759,0.0327,0.0068,0.0061,0.0115,0.0146,0.0126
11,23,0.4951,0.024,0.0173,0.0062,0.3623,0.0335,0.0062,0.0063,0.0116,0.0152,0.0125
11,24,0.4856,0.0259,0.0181,0.0057,0.3329,0.0329,0.0217,0.0064,0.0142,0.0158,0.012
11,25,0.5407,0.0268,0.0183,0.0062,0.3961,0.0364,0.0071,0.0073,0.0142,0.0159,0.0124
11,26,0.5247,0.0308,0.0196,0.0063,0.379,0.0354,0.0069,0.0065,0.0126,0.015,0.0126
11,27,0.5108,0.0258,0.0179,0.007,0.3667,0.0416,0.0077,0.006,0.0118,0.0146,0.0117
11,28,1.1475,0.0254,0.0175,0.0055,0.6815,0.0527,0.0086,0.2845,0.0234,0.0277,0.0207
11,29,1.0714,0.0447,0.0272,0.0085,0.7123,0.0954,0.0203,0.0109,0.0916,0.0294,0.0311
11,30,0.7381,0.0409,0.0296,0.0082,0.543,0.0448,0.0089,0.0088,0.0152,0.0219,0.0168
11,31,0.7938,0.0348,0.0262,0.0075,0.5718,0.0827,0.0095,0.0088,0.0151,0.0208,0.0166
11,32,0.7505,0.0335,0.0233,0.007,0.556,0.0574,0.0108,0.0079,0.0142,0.0224,0.018
11,33,0.7824,0.0387,0.0267,0.0076,0.5558,0.0658,0.0113,0.0094,0.0235,0.0245,0.0191
11,34,0.64,0.0395,0.0271,0.008,0.4296,0.0539,0.0108,0.0083,0.0167,0.0279,0.0182
11,35,0.6648,0.036,0.0274,0.0082,0.4666,0.0524,0.0095,0.0101,0.0167,0.0207,0.0172
11,36,1.9325,0.1152,0.0393,0.0701,1.565,0.0625,0.0099,0.0091,0.0166,0.0246,0.0202
11,37,0.6937,0.0386,0.0271,0.0081,0.4866,0.057,0.0095,0.0096,0.0163,0.0231,0.0178
11,38,0.8859,0.0368,0.0577,0.009,0.6271,0.0622,0.0109,0.0112,0.0185,0.0271,0.0254
11,39,0.7253,0.038,0.0241,0.0073,0.5096,0.0599,0.0111,0.0093,0.0173,0.0283,0.0204
11,40,0.6993,0.0394,0.0287,0.0102,0.4989,0.0511,0.0093,0.0087,0.0149,0.0205,0.0176
11,41,0.6957,0.0406,0.0247,0.0066,0.4899,0.0554,0.0094,0.0094,0.017,0.0234,0.0193
11,42,0.5832,0.0364,0.0255,0.0077,0.4065,0.0362,0.008,0.0076,0.0134,0.0173,0.0246
11,43,0.6817,0.0461,0.0327,0.0099,0.481,0.0476,0.0082,0.007,0.0139,0.0192,0.0161
11,44,0.6254,0.0302,0.0207,0.0064,0.4482,0.0491,0.0082,0.0081,0.0151,0.0207,0.0187
11,45,0.6226,0.0343,0.0246,0.0079,0.4298,0.0571,0.0088,0.0076,0.0144,0.0205,0.0176
11,46,0.6675,0.0359,0.0233,0.0078,0.4793,0.0527,0.0081,0.008,0.0149,0.0202,0.0173
11,47,0.629,0.0332,0.0225,0.0065,0.4301,0.0487,0.0086,0.0073,0.0147,0.0411,0.0163
11,48,0.9583,0.1155,0.0647,0.0137,0.622,0.0633,0.0095,0.0087,0.0176,0.0241,0.0192
11,49,2.0693,0.0396,0.0287,0.008,1.8332,0.0754,0.012,0.01,0.0171,0.0243,0.021
11,50,0.873,0.0455,0.0329,0.0095,0.6512,0.0586,0.0096,0.0087,0.017,0.0213,0.0187
11,51,0.6311,0.036,0.0247,0.0071,0.451,0.0452,0.0087,0.0075,0.0152,0.0191,0.0166
11,52,0.5575,0.0335,0.0233,0.0067,0.4008,0.0363,0.0071,0.0069,0.0121,0.0165,0.0143
11,53,0.5339,0.0292,0.0205,0.0066,0.3894,0.0337,0.0075,0.0063,0.0109,0.0153,0.0145
11,54,0.51,0.0265,0.0179,0.0058,0.3754,0.0325,0.007,0.0061,0.0116,0.0151,0.0121
11,55,0.476,0.0257,0.0182,0.0058,0.3367,0.0307,0.0065,0.0061,0.0108,0.0225,0.013
11,56,0.4949,0.0263,0.0182,0.006,0.347,0.0371,0.007,0.0076,0.0142,0.0174,0.0141
11,57,0.5248,0.0279,0.02,0.0067,0.3802,0.0348,0.0068,0.0067,0.0116,0.0164,0.0137
11,58,0.5402,0.0279,0.0184,0.0061,0.3774,0.0348,0.0069,0.006,0.0127,0.0351,0.0149
11,59,0.5202,0.0415,0.02,0.0063,0.3632,0.0333,0.0075,0.0065,0.0141,0.0151,0.0127
11,60,0.5342,0.0261,0.0176,0.0058,0.346,0.0326,0.0072,0.0066,0.0517,0.0249,0.0157
11,61,0.7103,0.0302,0.0201,0.0069,0.517,0.0567,0.0125,0.0086,0.0163,0.0227,0.0193
11,62,0.6964,0.042,0.0253,0.0077,0.5179,0.0395,0.0074,0.0085,0.0129,0.0185,0.0167
11,63,0.5479,0.032,0.0206,0.0068,0.3721,0.0362,0.007,0.0065,0.0106,0.0395,0.0166
11,64,0.56,0.0285,0.0209,0.0058,0.4042,0.04,0.0078,0.0068,0.013,0.018,0.015
11,65,0.5226,0.0294,0.0204,0.0067,0.3734,0.0363,0.0071,0.0063,0.0109,0.0175,0.0146
11,66,0.4636,0.028,0.0201,0.0066,0.3268,0.0315,0.0061,0.0057,0.0102,0.0151,0.0135
11,67,0.4797,0.0244,0.0192,0.0065,0.3186,0.0568,0.0071,0.0068,0.0109,0.016,0.0134
11,68,0.4489,0.0256,0.0196,0.0063,0.3166,0.0309,0.0064,0.0058,0.0101,0.0147,0.0129
11,69,0.5157,0.0254,0.019,0.006,0.3495,0.0376,0.0075,0.0066,0.0157,0.0327,0.0157
11,70,0.5843,0.0316,0.0225,0.0074,0.4245,0.0385,0.0079,0.007,0.0128,0.0165,0.0156
11,71,0.7276,0.0306,0.0224,0.0067,0.4565,0.0576,0.009,0.008,0.0915,0.026,0.0193
11,72,0.6187,0.0375,0.0261,0.0079,0.4391,0.0491,0.0087,0.0082,0.0121,0.0157,0.0143
11,73,0.5711,0.0505,0.0197,0.0061,0.3919,0.0404,0.008,0.0074,0.0141,0.0178,0.0152
11,74,0.6073,0.031,0.023,0.0066,0.4407,0.0426,0.007,0.007,0.0143,0.0169,0.0182
11,75,1.1932,0.0312,0.023,0.007,0.909,0.0494,0.0076,0.0079,0.1126,0.028,0.0175
11,76,0.6581,0.0426,0.0247,0.007,0.4545,0.0426,0.008,0.0076,0.033,0.021,0.0171
11,77,0.557,0.0316,0.0236,0.0065,0.405,0.0351,0.0068,0.0062,0.013,0.0159,0.0133
11,78,0.5861,0.0299,0.0189,0.0065,0.4286,0.0425,0.0075,0.0072,0.0124,0.0181,0.0145
11,79,0.5354,0.032,0.0205,0.0062,0.3711,0.0425,0.0086,0.0071,0.0117,0.0182,0.0175
11,80,0.6321,0.048,0.0226,0.0067,0.434,0.0481,0.0087,0.0087,0.0175,0.0203,0.0175
11,81,0.6806,0.0349,0.0247,0.0088,0.4825,0.0581,0.0097,0.0088,0.0139,0.0204,0.0188
11,82,0.642,0.0349,0.0237,0.0077,0.4617,0.0504,0.0079,0.0076,0.0137,0.0184,0.016
11,83,0.589,0.0323,0.0221,0.0071,0.409,0.0363,0.008,0.0245,0.0154,0.0189,0.0154
11,84,0.6254,0.0312,0.022,0.0083,0.4443,0.0491,0.0099,0.0081,0.0153,0.0199,0.0173
11,85,0.6539,0.0349,0.0253,0.0075,0.481,0.0424,0.008,0.007,0.0125,0.0191,0.0162
11,86,0.5731,0.0312,0.0209,0.0064,0.4082,0.0408,0.0076,0.0074,0.0157,0.0195,0.0154
11,87,0.5573,0.0463,0.0239,0.0072,0.3837,0.0423,0.0087,0.0065,0.0122,0.0147,0.0118
11,88,0.5005,0.0251,0.0186,0.0065,0.3646,0.0325,0.0069,0.0066,0.0125,0.015,0.0122
11,89,0.4438,0.027,0.0178,0.0059,0.3155,0.0282,0.0063,0.0061,0.0107,0.0152,0.0111
11,90,0.4338,0.0249,0.0172,0.0056,0.3025,0.0305,0.0066,0.0071,0.0122,0.0153,0.0119
11,91,0.4453,0.0244,0.0173,0.0055,0.3199,0.0287,0.0061,0.0058,0.0114,0.0151,0.0111
11,92,0.4873,0.0241,0.017,0.0058,0.3513,0.0352,0.0073,0.0074,0.0116,0.015,0.0126
11,93,0.4527,0.0264,0.0181,0.0063,0.3236,0.0294,0.0068,0.0062,0.0098,0.0142,0.0119
11,94,0.5001,0.0246,0.0166,0.0055,0.3537,0.0365,0.0081,0.0074,0.0152,0.0181,0.0144
11,95,0.5668,0.0301,0.0212,0.0074,0.4022,0.0441,0.0087,0.0079,0.0135,0.0176,0.0141
11,96,0.5907,0.0296,0.0209,0.007,0.4266,0.0418,0.0081,0.0078,0.0139,0.0191,0.0159
11,97,0.529,0.0348,0.022,0.0073,0.3628,0.0436,0.0077,0.0068,0.013,0.0172,0.0138
11,98,1.1168,0.0297,0.0196,0.0058,0.7455,0.0513,0.0082,0.0091,0.1984,0.0285,0.0207
11,99,0.8042,0.0403,0.0273,0.0091,0.5047,0.0482,0.0084,0.0088,0.1096,0.0286,0.0192
11,100,0.6511,0.0369,0.025,0.008,0.4138,0.0377,0.0068,0.007,0.0761,0.0234,0.0164
12,1,0.6805,0.0418,0.0286,0.0083,0.4979,0.0423,0.0091,0.0075,0.013,0.0186,0.0134
12,2,0.5266,0.0288,0.0206,0.006,0.3683,0.0413,0.0083,0.008,0.0158,0.0172,0.0123
12,3,0.5716,0.0261,0.0203,0.0069,0.4058,0.0359,0.0075,0.0075,0.025,0.0215,0.0151
12,4,0.5701,0.0305,0.0221,0.0069,0.4056,0.0457,0.0083,0.0068,0.0136,0.0171,0.0135
12,5,0.4629,0.0272,0.0196,0.0062,0.3289,0.0297,0.007,0.0062,0.0102,0.0157,0.0122
12,6,0.4473,0.0256,0.0182,0.0057,0.3191,0.0288,0.0066,0.0059,0.0103,0.0148,0.0123
12,7,0.4322,0.0253,0.018,0.0055,0.3028,0.0295,0.0065,0.0062,0.0103,0.0152,0.0129
12,8,0.4685,0.0254,0.0173,0.0057,0.3208,0.0392,0.0089,0.0066,0.0131,0.0174,0.0141
12,9,0.534,0.026,0.0204,0.0074,0.3676,0.0365,0.0074,0.0068,0.0148,0.0305,0.0166
12,10,0.574,0.0302,0.0221,0.0061,0.4062,0.0486,0.0081,0.0067,0.0136,0.0184,0.014
12,11,0.4912,0.0302,0.0187,0.006,0.3264,0.0418,0.0094,0.0082,0.0157,0.0192,0.0156
12,12,0.5658,0.0311,0.0196,0.0081,0.4008,0.0411,0.009,0.0081,0.0135,0.0189,0.0156
12,13,0.5725,0.0289,0.0206,0.0057,0.4025,0.0515,0.0087,0.0073,0.0143,0.0186,0.0144
12,14,0.4685,0.0296,0.0202,0.0063,0.3308,0.0308,0.0064,0.0064,0.0105,0.0152,0.0123
12,15,0.4146,0.026,0.0176,0.0055,0.2907,0.0271,0.0062,0.0058,0.0102,0.0144,0.0111
12,16,0.5222,0.0226,0.0159,0.0056,0.3492,0.0313,0.0076,0.0067,0.0537,0.0172,0.0124
12,17,0.4586,0.0258,0.0168,0.0063,0.3103,0.0409,0.0073,0.0075,0.0136,0.0174,0.0127
12,18,0.4794,0.028,0.0217,0.0061,0.3349,0.034,0.0067,0.0069,0.0121,0.0158,0.0132
12,19,0.4845,0.025,0.018,0.0058,0.3391,0.0416,0.0077,0.0066,0.0132,0.0152,0.0123
12,20,0.4443,0.0252,0.0172,0.0059,0.3171,0.0297,0.0063,0.0062,0.0103,0.0147,0.0117
12,21,0.4415,0.0239,0.017,0.0062,0.296,0.0393,0.0096,0.0063,0.0127,0.0182,0.0123
12,22,0.5093,0.025,0.0167,0.0057,0.3657,0.0407,0.008,0.0065,0.0131,0.016,0.0119
12,23,0.4938,0.0236,0.0168,0.006,0.3541,0.0359,0.0072,0.007,0.0118,0.0169,0.0145
12,24,0.5116,0.0312,0.0201,0.0061,0.372,0.0313,0.0064,0.006,0.0108,0.0158,0.0119
12,25,0.4557,0.0242,0.0183,0.0057,0.3113,0.0386,0.0086,0.0068,0.0131,0.0152,0.0139
12,26,0.5219,0.0275,0.0193,0.0063,0.3725,0.0423,0.0077,0.0063,0.0128,0.0153,0.0119
12,27,0.419,0.0248,0.0174,0.0055,0.2976,0.0266,0.0061,0.0059,0.0097,0.0141,0.0113
12,28,0.4551,0.0238,0.0162,0.0054,0.2861,0.041,0.0087,0.0271,0.0163,0.0184,0.0121
12,29,0.514,0.0252,0.0205,0.0062,0.3662,0.0419,0.0078,0.0061,0.0128,0.0147,0.0126
12,30,0.4428,0.0242,0.0175,0.0058,0.3068,0.0379,0.0075,0.0059,0.0107,0.0145,0.012
12,31,1.2339,0.0242,0.017,0.0048,0.8964,0.1078,0.0286,0.0187,0.0298,0.0563,0.0503
12,32,1.6438,0.0928,0.0659,0.0161,1.347,0.0513,0.0092,0.0089,0.014,0.0215,0.0171
12,33,0.529,0.0337,0.0232,0.0068,0.3676,0.0431,0.0083,0.0069,0.0123,0.015,0.0121
12,34,0.4487,0.0257,0.0179,0.006,0.3202,0.0285,0.0066,0.0068,0.0111,0.0144,0.0115
12,35,0.4125,0.0236,0.0163,0.0058,0.2921,0.0277,0.006,0.0061,0.0102,0.0138,0.0109
12,36,0.4035,0.0236,0.0159,0.0057,0.2847,0.0267,0.006,0.0058,0.0101,0.0139,0.0111
12,37,0.4177,0.0235,0.0161,0.0055,0.2997,0.0263,0.0063,0.0057,0.0099,0.014,0.0107
12,38,0.4865,0.043,0.0176,0.0057,0.3086,0.0408,0.0092,0.0098,0.0151,0.0197,0.017
12,39,0.6452,0.041,0.0274,0.0087,0.4442,0.0568,0.01,0.0076,0.0151,0.0178,0.0166
12,40,0.4904,0.0285,0.0204,0.0061,0.3528,0.0321,0.0064,0.0066,0.0099,0.0151,0.0125
12,41,0.4633,0.0251,0.0176,0.0064,0.3198,0.0398,0.0088,0.007,0.0128,0.0146,0.0114
12,42,0.4335,0.0246,0.0169,0.0055,0.3099,0.0289,0.0061,0.0059,0.0102,0.0137,0.0118
12,43,0.4266,0.0232,0.0157,0.0062,0.3047,0.0272,0.0063,0.0065,0.0112,0.0145,0.0111
12,44,0.4229,0.0242,0.0163,0.0057,0.2968,0.0297,0.0064,0.0067,0.0113,0.0142,0.0116
12,45,0.4231,0.0255,0.0167,0.0057,0.2992,0.0275,0.0067,0.007,0.0101,0.0137,0.011
12,46,0.479,0.0243,0.0371,0.0069,0.3029,0.0413,0.0097,0.0082,0.0146,0.019,0.015
12,47,0.5677,0.0305,0.0222,0.0076,0.409,0.043,0.008,0.0066,0.0134,0.015,0.0124
12,48,0.4458,0.0248,0.0166,0.0055,0.3197,0.0291,0.0062,0.0064,0.0106,0.0151,0.0118
12,49,0.4327,0.0248,0.0171,0.0059,0.305,0.0301,0.0063,0.0061,0.011,0.0147,0.0117
12,50,0.5041,0.0257,0.0171,0.006,0.3325,0.0336,0.0066,0.0058,0.0461,0.0178,0.0129
12,51,0.4553,0.0271,0.0168,0.006,0.3277,0.029,0.0061,0.0062,0.0106,0.0146,0.0112
12,52,0.4442,0.0238,0.0164,0.0058,0.3137,0.0321,0.0066,0.0067,0.0109,0.0156,0.0126
12,53,0.4449,0.0263,0.0181,0.0063,0.3109,0.031,0.0075,0.006,0.0113,0.0153,0.0122
12,54,0.4517,0.024,0.0168,0.0058,0.3221,0.0307,0.0066,0.0066,0.0108,0.016,0.0123
12,55,0.4498,0.0261,0.0179,0.0059,0.3169,0.0312,0.0065,0.0065,0.0107,0.0159,0.0122
12,56,0.4475,0.0254,0.0186,0.0063,0.3123,0.0312,0.0065,0.0066,0.0109,0.0164,0.0133
12,57,0.444,0.0267,0.0192,0.0065,0.3094,0.0299,0.0065,0.0063,0.0108,0.0162,0.0125
12,58,0.4428,0.0243,0.0174,0.0061,0.2962,0.0286,0.0064,0.0063,0.0106,0.0154,0.0315
12,59,0.4306,0.0255,0.0177,0.006,0.3021,0.0287,0.0063,0.0063,0.011,0.015,0.012
12,60,0.4333,0.0248,0.0173,0.0059,0.3043,0.0297,0.0065,0.0065,0.011,0.0153,0.012
12,61,0.875,0.0244,0.0177,0.0062,0.6454,0.0811,0.0093,0.009,0.0419,0.0239,0.0161
12,62,0.57,0.0325,0.0216,0.0072,0.3925,0.0448,0.0101,0.0094,0.0152,0.0205,0.0162
12,63,0.6369,0.0346,0.0232,0.0065,0.4759,0.0384,0.0069,0.0072,0.0136,0.0171,0.0135
12,64,0.5409,0.0272,0.0199,0.0065,0.3628,0.0429,0.0137,0.0097,0.0169,0.0213,0.02
12,65,0.5582,0.0327,0.0195,0.0076,0.3811,0.0603,0.0081,0.0066,0.0135,0.0155,0.0133
12,66,0.4698,0.0261,0.0177,0.0061,0.3325,0.0334,0.0074,0.0068,0.0105,0.0158,0.0135
12,67,0.5247,0.0253,0.018,0.0059,0.3888,0.0341,0.0068,0.006,0.0117,0.0157,0.0124
12,68,0.4697,0.0242,0.0185,0.0059,0.3259,0.0394,0.0089,0.0071,0.0122,0.0152,0.0124
12,69,0.4828,0.0246,0.0168,0.0058,0.3095,0.039,0.0087,0.0064,0.016,0.0388,0.0172
12,70,0.5622,0.0399,0.023,0.0063,0.3959,0.0439,0.0076,0.0064,0.0129,0.0145,0.0118
12,71,0.4231,0.0258,0.0184,0.0057,0.2994,0.0274,0.0061,0.006,0.01,0.0134,0.0109
12,72,0.4004,0.0224,0.0159,0.0055,0.2835,0.0263,0.006,0.0057,0.0102,0.0136,0.0113
12,73,0.4087,0.0231,0.0163,0.006,0.2867,0.0278,0.0062,0.0058,0.0104,0.0145,0.0119
12,74,0.4445,0.0233,0.0165,0.0058,0.3161,0.0322,0.0067,0.0067,0.0116,0.0142,0.0114
12,75,0.4058,0.0233,0.0162,0.0061,0.2864,0.0276,0.0059,0.0058,0.0101,0.0135,0.0109
12,76,0.4261,0.0224,0.0163,0.0058,0.3013,0.0292,0.0064,0.0063,0.0116,0.0152,0.0116
12,77,0.4467,0.0249,0.0173,0.0061,0.3139,0.0322,0.0064,0.0063,0.0105,0.0155,0.0136
12,78,0.444,0.0268,0.0179,0.0057,0.294,0.0286,0.0064,0.0058,0.0105,0.0344,0.0139
12,79,0.4868,0.0261,0.0177,0.0068,0.3333,0.0444,0.0088,0.0076,0.0132,0.0157,0.0132
12,80,0.4644,0.0261,0.018,0.0062,0.3322,0.0308,0.0064,0.0064,0.0103,0.0153,0.0127
12,81,0.4613,0.0244,0.0178,0.006,0.3082,0.0407,0.011,0.0084,0.0132,0.0189,0.0127
12,82,0.5689,0.0253,0.0182,0.0063,0.3915,0.0464,0.0084,0.0069,0.0136,0.037,0.0153
12,83,0.4682,0.0291,0.0194,0.0065,0.3306,0.0315,0.0069,0.0065,0.0115,0.0144,0.0118
12,84,0.4997,0.0253,0.0178,0.006,0.3336,0.0459,0.0111,0.0086,0.0157,0.0197,0.016
12,85,0.5911,0.0336,0.0218,0.0071,0.4286,0.0433,0.0079,0.0065,0.0134,0.0156,0.0133
12,86,0.4824,0.0272,0.019,0.0063,0.3268,0.05,0.007,0.0064,0.0119,0.0149,0.0129
12,87,0.5661,0.0256,0.019,0.0061,0.4013,0.0484,0.0091,0.0073,0.014,0.0191,0.0162
12,88,0.631,0.0419,0.0239,0.0079,0.4486,0.0455,0.0073,0.0084,0.0138,0.0181,0.0156
12,89,0.636,0.0355,0.0244,0.0068,0.4088,0.0553,0.0191,0.0177,0.0194,0.0223,0.0267
12,90,1.1604,0.0766,0.0446,0.0123,0.8232,0.043,0.009,0.0084,0.1046,0.0213,0.0174
12,91,0.593,0.0341,0.0213,0.0068,0.4254,0.0438,0.0085,0.0077,0.0131,0.0179,0.0144
12,92,0.5282,0.0294,0.0193,0.0062,0.3725,0.0428,0.0085,0.0073,0.0144,0.0151,0.0127
12,93,0.4921,0.0272,0.0179,0.0058,0.3299,0.0416,0.0096,0.0109,0.0152,0.0199,0.0141
12,94,0.594,0.034,0.0232,0.0077,0.4454,0.031,0.0064,0.0067,0.0126,0.0153,0.0117
12,95,0.4928,0.0255,0.0173,0.0059,0.3611,0.0308,0.0061,0.0059,0.0134,0.0147,0.0121
12,96,0.4937,0.0249,0.0163,0.0059,0.3348,0.0435,0.0095,0.0081,0.016,0.0207,0.014
12,97,0.611,0.0329,0.0208,0.0072,0.4511,0.0467,0.0067,0.0067,0.0114,0.0156,0.0119
12,98,0.4955,0.0261,0.0167,0.0057,0.3542,0.0359,0.0069,0.0066,0.0144,0.0164,0.0126
12,99,0.4967,0.0258,0.0179,0.0063,0.3553,0.035,0.0067,0.0068,0.0142,0.0161,0.0126
12,100,0.4689,0.0278,0.0178,0.006,0.3367,0.0305,0.0061,0.0062,0.0109,0.0151,0.0118
13,1,0.665,0.0416,0.028,0.008,0.4874,0.0393,0.009,0.0078,0.0127,0.017,0.0142
13,2,0.5354,0.0288,0.0197,0.0062,0.3868,0.0405,0.0078,0.0062,0.0122,0.0151,0.0121
13,3,0.5407,0.0267,0.019,0.0063,0.3963,0.0354,0.0073,0.0067,0.0138,0.0163,0.0129
13,4,0.5041,0.0275,0.0195,0.0067,0.3607,0.0333,0.007,0.0066,0.014,0.0165,0.0123
13,5,0.8671,0.0271,0.0191,0.007,0.7154,0.0429,0.0072,0.0064,0.0118,0.0167,0.0135
13,6,0.5918,0.0285,0.0201,0.0063,0.4348,0.0423,0.0087,0.0066,0.0134,0.0179,0.0132
13,7,0.5252,0.0281,0.0198,0.007,0.3653,0.0349,0.0157,0.0095,0.015,0.0174,0.0125
13,8,0.5157,0.0264,0.0184,0.0061,0.3648,0.0409,0.0084,0.0066,0.0141,0.0167,0.0133
13,9,0.5176,0.0264,0.0193,0.0067,0.3665,0.0437,0.008,0.0061,0.0126,0.0155,0.0128
13,10,0.8086,0.0265,0.0183,0.0058,0.6507,0.0474,0.0075,0.0076,0.0127,0.0171,0.015
13,11,0.5582,0.0314,0.0213,0.006,0.4115,0.0337,0.0068,0.007,0.0119,0.0155,0.0131
13,12,0.5132,0.0276,0.0195,0.0064,0.371,0.0335,0.0068,0.0059,0.0139,0.0154,0.0132
13,13,0.7062,0.0262,0.0185,0.0059,0.5548,0.0459,0.0072,0.0061,0.0122,0.0161,0.0133
13,14,0.5942,0.0284,0.0199,0.0067,0.4456,0.0375,0.0072,0.0064,0.012,0.0165,0.014
13,15,0.467,0.0293,0.0201,0.006,0.3322,0.0294,0.0062,0.0062,0.0104,0.0143,0.0129
13,16,0.4863,0.025,0.0183,0.0057,0.3372,0.0322,0.0068,0.0061,0.0138,0.0288,0.0124
13,17,0.7148,0.0251,0.0173,0.006,0.551,0.0404,0.0241,0.0072,0.013,0.0165,0.0142
13,18,0.6965,0.0277,0.0193,0.0066,0.5344,0.0451,0.008,0.0079,0.0127,0.0184,0.0164
13,19,0.6363,0.03,0.0214,0.0064,0.4459,0.0571,0.0126,0.008,0.0154,0.0202,0.0193
13,20,2.3318,0.0348,1.3179,0.0127,0.8287,0.0546,0.0094,0.0095,0.0169,0.0252,0.0221
13,21,0.5185,0.0407,0.0252,0.0074,0.3532,0.0394,0.0081,0.0064,0.0116,0.0146,0.0119
13,22,0.4862,0.0258,0.018,0.0058,0.3549,0.0285,0.0065,0.0064,0.0133,0.0151,0.0119
13,23,3.107,0.0246,2.2186,0.0132,0.7132,0.0553,0.0102,0.0098,0.0167,0.0249,0.0205
13,24,0.5483,0.0403,0.0258,0.0075,0.3839,0.034,0.0072,0.0072,0.0127,0.017,0.0127
13,25,0.4563,0.0279,0.0195,0.0064,0.3171,0.031,0.007,0.0067,0.012,0.0159,0.0128
13,26,0.4388,0.0262,0.0184,0.0064,0.3067,0.029,0.0068,0.0064,0.0118,0.0152,0.0119
13,27,0.4477,0.0262,0.0183,0.0062,0.3133,0.0302,0.0071,0.0067,0.0115,0.0162,0.012
13,28,0.4356,0.0262,0.0182,0.0063,0.3045,0.0285,0.0069,0.0062,0.0115,0.0152,0.0121
13,29,0.4522,0.0252,0.0179,0.0062,0.3225,0.029,0.0066,0.0063,0.0114,0.0149,0.0122
13,30,0.43,0.0251,0.0182,0.0063,0.3001,0.0285,0.0067,0.0064,0.0117,0.0151,0.0119
13,31,0.43,0.0249,0.0177,0.0064,0.2982,0.0288,0.0069,0.0063,0.0116,0.0151,0.0141
13,32,0.431,0.0249,0.0181,0.0063,0.3013,0.0285,0.0066,0.0064,0.0111,0.0161,0.0117
13,33,0.4902,0.0258,0.0172,0.006,0.3539,0.0336,0.0072,0.0064,0.0129,0.0153,0.0119
13,34,0.4913,0.0256,0.0202,0.0068,0.3501,0.0326,0.0068,0.0066,0.0146,0.0159,0.0121
13,35,0.4512,0.0257,0.0186,0.0065,0.3195,0.029,0.0067,0.0064,0.0116,0.0152,0.012
13,36,0.4378,0.0253,0.0179,0.0065,0.3074,0.0293,0.0066,0.0062,0.0115,0.0154,0.0117
13,37,0.4309,0.025,0.0176,0.0063,0.3012,0.0287,0.007,0.0065,0.0116,0.0154,0.0116
13,38,0.4528,0.0437,0.0187,0.0067,0.3032,0.0286,0.0068,0.0063,0.0116,0.0152,0.012
13,39,0.429,0.0251,0.0174,0.0062,0.2998,0.0289,0.0068,0.0063,0.0112,0.0152,0.0121
13,40,0.4281,0.0245,0.0176,0.0063,0.2976,0.0297,0.0068,0.0065,0.0117,0.0153,0.0121
13,41,0.4517,0.0248,0.0179,0.0064,0.3008,0.0289,0.0068,0.0063,0.0318,0.0161,0.0119
13,42,0.4524,0.0251,0.0179,0.0065,0.3205,0.0303,0.0068,0.0063,0.0116,0.0154,0.012
13,43,0.4361,0.0253,0.0182,0.0063,0.3049,0.0294,0.0071,0.0063,0.0111,0.0155,0.012
13,44,0.8469,0.0247,0.0175,0.0066,0.5774,0.0358,0.0072,0.0068,0.1278,0.0282,0.0149
13,45,0.6269,0.0337,0.0225,0.0077,0.4596,0.0416,0.0075,0.0073,0.0143,0.0181,0.0146
13,46,0.5987,0.0319,0.0212,0.0069,0.405,0.0441,0.0076,0.0079,0.0145,0.0415,0.0181
13,47,0.8547,0.0348,0.0258,0.0075,0.6476,0.0563,0.0101,0.0089,0.0251,0.0211,0.0175
13,48,0.5849,0.0364,0.0244,0.0079,0.4141,0.0454,0.0081,0.0071,0.0125,0.0166,0.0124
13,49,0.5061,0.0269,0.019,0.0058,0.3619,0.0346,0.0073,0.0073,0.0132,0.0167,0.0134
13,50,0.6164,0.0287,0.0198,0.0069,0.4147,0.0371,0.0077,0.0068,0.0599,0.02,0.0148
13,51,0.4761,0.0294,0.0199,0.0071,0.3322,0.0321,0.0067,0.0066,0.012,0.0165,0.0136
13,52,0.494,0.0272,0.0189,0.0067,0.3534,0.0326,0.007,0.0068,0.014,0.0162,0.0112
13,53,0.619,0.0398,0.0256,0.008,0.4343,0.0459,0.0093,0.0073,0.0155,0.0185,0.0148
13,54,0.5781,0.0283,0.0196,0.0067,0.4131,0.0437,0.0098,0.007,0.0161,0.0198,0.014
13,55,0.5788,0.0299,0.0203,0.0272,0.4125,0.0344,0.0068,0.0068,0.0119,0.0161,0.0129
13,56,0.4489,0.0274,0.0182,0.0062,0.3197,0.0289,0.0059,0.0059,0.0105,0.0142,0.012
13,57,0.415,0.0238,0.0169,0.0058,0.2899,0.029,0.0066,0.006,0.0107,0.0147,0.0116
13,58,0.4156,0.0243,0.0169,0.0058,0.2938,0.0279,0.0059,0.0058,0.0099,0.0138,0.0115
13,59,0.4031,0.0233,0.0159,0.0058,0.2831,0.0275,0.0061,0.0059,0.0104,0.014,0.0111
13,60,0.4269,0.0233,0.0165,0.0057,0.3044,0.0283,0.0064,0.0061,0.0105,0.0144,0.0113
13,61,0.4067,0.0242,0.0168,0.0054,0.2843,0.0277,0.0062,0.0059,0.0104,0.0143,0.0115
13,62,0.4036,0.024,0.0166,0.0056,0.2826,0.0273,0.0065,0.0058,0.01,0.0139,0.0113
13,63,0.4674,0.0233,0.0168,0.0058,0.3275,0.0349,0.0072,0.0068,0.0151,0.0174,0.0126
13,64,0.5258,0.0274,0.02,0.007,0.3629,0.0433,0.0094,0.0077,0.0153,0.0183,0.0145
13,65,0.5553,0.0304,0.0221,0.008,0.4103,0.0333,0.0066,0.0061,0.0116,0.0149,0.012
13,66,0.4461,0.0257,0.0182,0.0064,0.3187,0.0284,0.0064,0.0061,0.0103,0.0141,0.0118
13,67,0.4144,0.0244,0.0169,0.0068,0.2913,0.028,0.006,0.0059,0.0101,0.014,0.011
13,68,0.4167,0.0235,0.0168,0.0056,0.2822,0.0271,0.0062,0.006,0.0098,0.0279,0.0116
13,69,0.4101,0.0237,0.0172,0.006,0.2876,0.028,0.0058,0.0059,0.0099,0.0144,0.0116
13,70,0.4093,0.0241,0.0162,0.0056,0.2877,0.0274,0.0061,0.0061,0.0102,0.0143,0.0116
13,71,0.4293,0.0237,0.0373,0.0062,0.284,0.0274,0.006,0.0077,0.0106,0.0152,0.0112
13,72,0.4103,0.0226,0.0161,0.0055,0.2899,0.0282,0.0062,0.006,0.0103,0.014,0.0115
13,73,2.9953,0.0226,0.0163,0.0056,2.3199,0.5374,0.0145,0.0107,0.0199,0.0274,0.021
13,74,0.8014,0.0388,0.0268,0.0078,0.6048,0.0517,0.0083,0.0084,0.0159,0.022,0.0169
13,75,2.6382,0.036,0.0256,0.0075,2.4218,0.0639,0.0103,0.0088,0.0177,0.0249,0.0217
13,76,0.9514,0.0412,0.0271,0.0083,0.7322,0.0635,0.01,0.0094,0.0168,0.0235,0.0194
13,77,1.5633,0.0391,0.0276,0.0083,1.3387,0.0657,0.0106,0.0095,0.0165,0.0264,0.0209
13,78,0.7285,0.0407,0.0284,0.0077,0.5399,0.044,0.0085,0.0083,0.0148,0.0195,0.0167
13,79,0.5755,0.0344,0.0225,0.0075,0.3846,0.0357,0.0076,0.007,0.0137,0.0188,0.0437
13,80,0.7793,0.0368,0.0262,0.0077,0.5927,0.0473,0.0089,0.0085,0.0152,0.0206,0.0154
13,81,0.5083,0.0342,0.0224,0.0073,0.3574,0.0311,0.007,0.0069,0.0121,0.0168,0.0131
13,82,0.5007,0.0423,0.0206,0.0068,0.34,0.0339,0.0076,0.0072,0.012,0.0172,0.0131
13,83,0.4678,0.0295,0.0203,0.0071,0.3241,0.0318,0.0074,0.0069,0.0117,0.0163,0.0127
13,84,0.4565,0.0257,0.0198,0.0066,0.3169,0.0323,0.0074,0.0069,0.0121,0.0163,0.0125
13,85,0.4479,0.0264,0.019,0.0068,0.3129,0.029,0.007,0.0068,0.0118,0.0163,0.0119
13,86,0.4756,0.0255,0.0184,0.0065,0.3398,0.0309,0.0068,0.0069,0.0121,0.0158,0.0129
13,87,0.4618,0.0268,0.0189,0.0065,0.3224,0.0314,0.0073,0.007,0.0123,0.016,0.0132
13,88,0.4741,0.0268,0.0193,0.0068,0.3293,0.034,0.0073,0.007,0.0128,0.0169,0.0139
13,89,0.4613,0.0275,0.0202,0.0067,0.3214,0.0302,0.0069,0.0069,0.0124,0.0164,0.0127
13,90,0.9515,0.0262,0.0188,0.0067,0.7839,0.0466,0.0095,0.0086,0.0145,0.0198,0.0169
13,91,0.9211,0.037,0.0252,0.0079,0.6699,0.0539,0.0097,0.0092,0.059,0.0292,0.0201
13,92,0.5957,0.0396,0.0268,0.0086,0.4136,0.0463,0.0087,0.0073,0.014,0.0177,0.0131
13,93,0.5833,0.0288,0.019,0.0063,0.4402,0.0339,0.0066,0.0063,0.0133,0.0158,0.0131
13,94,0.6808,0.0272,0.019,0.0063,0.5271,0.0435,0.0084,0.0072,0.0124,0.0165,0.0132
13,95,0.5224,0.0279,0.0189,0.0063,0.3553,0.0405,0.0081,0.0066,0.0134,0.0168,0.0286
13,96,0.486,0.0274,0.0192,0.0067,0.339,0.0406,0.0082,0.0062,0.0119,0.0152,0.0116
13,97,0.4528,0.0252,0.017,0.0058,0.3099,0.039,0.0079,0.0065,0.013,0.0161,0.0124
13,98,0.558,0.026,0.0188,0.0067,0.4229,0.0315,0.0064,0.0058,0.013,0.0151,0.0118
13,99,0.6521,0.0245,0.0175,0.0058,0.5126,0.0403,0.0074,0.006,0.0116,0.0147,0.0117
13,100,0.541,0.0258,0.0185,0.0065,0.389,0.0428,0.008,0.0068,0.0128,0.017,0.0138
14,1,0.5641,0.0408,0.0305,0.0073,0.3851,0.0374,0.0087,0.0069,0.0128,0.0196,0.015
14,2,0.6228,0.0357,0.0299,0.009,0.4413,0.0388,0.0084,0.0076,0.0159,0.0205,0.0157
14,3,0.5767,0.0315,0.0244,0.0074,0.3981,0.0412,0.0089,0.0082,0.0185,0.0222,0.0163
14,4,0.5336,0.0327,0.0258,0.008,0.381,0.029,0.007,0.0071,0.0118,0.0169,0.0143
14,5,0.4198,0.0261,0.018,0.0065,0.2927,0.0268,0.0066,0.0061,0.0107,0.0146,0.0117
14,6,0.4383,0.0247,0.0182,0.0057,0.319,0.0269,0.0053,0.0054,0.0103,0.0129,0.0099
14,7,0.3982,0.0239,0.0154,0.0044,0.2775,0.0275,0.0064,0.0058,0.0113,0.0143,0.0117
14,8,0.4081,0.0227,0.0284,0.0066,0.2823,0.0248,0.0059,0.0055,0.0112,0.0117,0.009
14,9,0.4078,0.0175,0.0137,0.0053,0.2952,0.0282,0.0071,0.0057,0.011,0.0133,0.0108
14,10,0.7236,0.022,0.0154,0.005,0.5757,0.0426,0.0083,0.0064,0.0137,0.0192,0.0153
14,11,0.4339,0.0284,0.0206,0.0065,0.3044,0.0259,0.0062,0.0056,0.0103,0.0144,0.0116
14,12,0.4156,0.0226,0.0159,0.0056,0.2916,0.0286,0.0068,0.0065,0.0112,0.0156,0.0112
14,13,0.4858,0.0224,0.0198,0.0049,0.2741,0.0295,0.0067,0.0056,0.069,0.0338,0.02
14,14,0.6253,0.0399,0.0297,0.009,0.442,0.0408,0.008,0.0068,0.0139,0.0202,0.015
14,15,0.5041,0.0307,0.0228,0.0062,0.3509,0.0349,0.0079,0.0065,0.0114,0.0181,0.0147
14,16,0.4051,0.0269,0.0192,0.0058,0.2838,0.0257,0.0059,0.0057,0.0088,0.0127,0.0106
14,17,0.4863,0.0226,0.025,0.0076,0.3474,0.03,0.0075,0.0068,0.0114,0.0159,0.0121
14,18,0.4916,0.0263,0.0187,0.0063,0.356,0.0307,0.0073,0.0069,0.0119,0.0152,0.0123
14,19,0.9913,0.027,0.0186,0.0065,0.5633,0.0649,0.0131,0.0097,0.2323,0.0343,0.0216
14,20,1.2809,0.0441,0.0313,0.0089,0.9643,0.0719,0.0149,0.0092,0.064,0.0274,0.0449
14,21,0.7463,0.0453,0.0318,0.009,0.4815,0.0464,0.0085,0.0071,0.0758,0.0235,0.0174
14,22,0.7871,0.0332,0.0227,0.0063,0.5052,0.0416,0.0084,0.0083,0.1108,0.0309,0.0197
14,23,0.7503,0.039,0.0272,0.0081,0.5737,0.0393,0.0087,0.008,0.0134,0.0185,0.0144
14,24,0.8267,0.0318,0.0226,0.0068,0.5948,0.044,0.0081,0.0067,0.0732,0.0238,0.0149
14,25,0.7877,0.0316,0.0248,0.0067,0.5547,0.0457,0.0088,0.0069,0.0726,0.0219,0.014
14,26,0.6936,0.0303,0.0236,0.006,0.5075,0.0374,0.0074,0.0064,0.0428,0.0194,0.0128
14,27,0.4054,0.0263,0.0171,0.0046,0.2807,0.0359,0.0064,0.0054,0.0088,0.0114,0.0088
14,28,0.3342,0.0188,0.0119,0.0042,0.2274,0.0237,0.0063,0.0044,0.0144,0.0131,0.01
14,29,0.4943,0.0225,0.0156,0.013,0.3251,0.0345,0.0058,0.0041,0.0532,0.0119,0.0086
14,30,0.3231,0.0175,0.0121,0.0039,0.226,0.0248,0.0064,0.0053,0.0083,0.0104,0.0084
14,31,0.5027,0.0166,0.0116,0.0038,0.2655,0.0306,0.0078,0.0053,0.1166,0.0267,0.0182
14,32,0.6095,0.0363,0.0253,0.0084,0.4417,0.0472,0.0083,0.0054,0.0112,0.014,0.0117
14,33,0.5025,0.0241,0.0156,0.0043,0.3093,0.0427,0.0076,0.0054,0.0645,0.0176,0.0114
14,34,0.5159,0.0252,0.0164,0.0046,0.3819,0.0412,0.0069,0.0054,0.0103,0.0139,0.0101
14,35,0.4994,0.0234,0.0198,0.0049,0.3649,0.0402,0.0061,0.005,0.0104,0.0136,0.0111
14,36,0.364,0.0205,0.0142,0.0043,0.2553,0.0275,0.0071,0.0052,0.0091,0.0115,0.0093
14,37,0.4671,0.0178,0.0135,0.0039,0.2926,0.0258,0.0051,0.0052,0.0783,0.0143,0.0106
14,38,0.7549,0.02,0.0184,0.005,0.5861,0.028,0.0113,0.0105,0.051,0.0147,0.0099
14,39,0.3573,0.0199,0.0137,0.0042,0.2515,0.0274,0.0067,0.0056,0.0083,0.0108,0.0092
14,40,0.325,0.0181,0.0131,0.0039,0.22,0.0275,0.0068,0.0054,0.0092,0.0115,0.0095
14,41,0.3254,0.0181,0.0132,0.004,0.2216,0.025,0.0069,0.0052,0.0084,0.0114,0.0116
14,42,0.4519,0.0213,0.0145,0.0043,0.3144,0.0421,0.0083,0.0072,0.0118,0.016,0.012
14,43,0.428,0.0233,0.0162,0.0043,0.2867,0.0411,0.0079,0.006,0.0115,0.0176,0.0134
14,44,0.5536,0.0276,0.0217,0.0067,0.3632,0.0286,0.0061,0.0057,0.0601,0.0213,0.0126
14,45,1.0067,0.0331,0.0202,0.0071,0.7088,0.0865,0.0138,0.0094,0.0771,0.0317,0.019
14,46,0.6818,0.0362,0.025,0.0069,0.4873,0.0462,0.0092,0.0094,0.0166,0.0245,0.0205
14,47,0.5575,0.0377,0.0271,0.0086,0.38,0.0382,0.0086,0.0071,0.0151,0.0194,0.0157
14,48,0.5612,0.032,0.0226,0.0075,0.3886,0.0421,0.0091,0.008,0.0152,0.0203,0.0158
14,49,0.5701,0.0321,0.0243,0.0074,0.4044,0.0406,0.0086,0.0073,0.0128,0.0179,0.0147
14,50,0.6607,0.0324,0.0256,0.0074,0.4206,0.0344,0.0073,0.007,0.083,0.0262,0.0168
14,51,0.5499,0.0323,0.0237,0.0075,0.3919,0.0344,0.0081,0.0071,0.0136,0.0175,0.0138
14,52,0.4839,0.0284,0.0222,0.0074,0.3383,0.0325,0.0079,0.0067,0.0117,0.0162,0.0126
14,53,0.4856,0.0298,0.0212,0.0074,0.3406,0.0314,0.008,0.0065,0.0117,0.0162,0.0128
14,54,0.493,0.0259,0.0196,0.0066,0.3458,0.0349,0.0078,0.0072,0.0136,0.0173,0.0143
14,55,0.4839,0.0287,0.0207,0.0074,0.3525,0.0257,0.0066,0.0062,0.0099,0.0141,0.0121
14,56,0.4018,0.0228,0.0165,0.0055,0.2826,0.0266,0.0063,0.0059,0.0097,0.0143,0.0116
14,57,0.3917,0.0224,0.0165,0.0054,0.2778,0.025,0.006,0.0061,0.0091,0.0127,0.0107
14,58,0.4142,0.0212,0.0148,0.0051,0.2786,0.0517,0.0067,0.0049,0.0103,0.0116,0.0093
14,59,0.4024,0.0177,0.013,0.0043,0.2953,0.0267,0.006,0.0053,0.0101,0.0129,0.0111
14,60,0.3918,0.0216,0.0167,0.0056,0.2787,0.0251,0.006,0.0052,0.0095,0.013,0.0104
14,61,0.4006,0.0214,0.0158,0.0055,0.2878,0.025,0.0064,0.0055,0.0095,0.0127,0.011
14,62,0.378,0.0215,0.0155,0.0051,0.2684,0.0244,0.0061,0.0054,0.0092,0.0124,0.01
14,63,0.3969,0.0219,0.0161,0.005,0.2671,0.0256,0.0215,0.0057,0.0108,0.0131,0.0101
14,64,0.3895,0.0222,0.0174,0.0051,0.2737,0.0258,0.0062,0.0057,0.0101,0.0131,0.0102
14,65,0.3954,0.0217,0.0163,0.0052,0.2818,0.026,0.0061,0.0051,0.0094,0.013,0.0108
14,66,0.4219,0.0209,0.0159,0.0052,0.2791,0.0357,0.0091,0.0077,0.0139,0.019,0.0154
14,67,0.4765,0.0301,0.0226,0.0076,0.3316,0.0303,0.0074,0.0063,0.0119,0.0161,0.0126
14,68,0.5888,0.0253,0.0195,0.0067,0.4433,0.0359,0.0074,0.0074,0.0125,0.0172,0.0136
14,69,0.4882,0.0283,0.02,0.007,0.3462,0.0316,0.0071,0.0067,0.012,0.0162,0.0131
14,70,0.5003,0.0265,0.0213,0.0065,0.3566,0.0316,0.008,0.0073,0.0123,0.0169,0.0133
14,71,0.4713,0.0274,0.0198,0.007,0.3289,0.0325,0.008,0.0067,0.0121,0.0157,0.0132
14,72,0.5076,0.0277,0.0197,0.0068,0.3667,0.0307,0.0073,0.0065,0.0126,0.0168,0.0128
14,73,0.4784,0.0253,0.0204,0.0064,0.3365,0.032,0.0073,0.0066,0.013,0.0166,0.0143
14,74,0.4681,0.0266,0.0198,0.0069,0.3301,0.0303,0.007,0.0065,0.0124,0.0161,0.0124
14,75,0.4686,0.0256,0.0192,0.0067,0.327,0.0302,0.007,0.0062,0.0117,0.0226,0.0124
14,76,0.5852,0.0262,0.0198,0.0066,0.3518,0.0316,0.0076,0.006,0.0122,0.0724,0.051
14,77,0.8818,0.0351,0.023,0.0073,0.6421,0.0504,0.0113,0.0092,0.065,0.022,0.0164
14,78,0.4765,0.0336,0.0229,0.0059,0.3211,0.0432,0.0085,0.0053,0.0107,0.0134,0.0119
14,79,0.469,0.0211,0.0155,0.0052,0.3427,0.0338,0.0063,0.0058,0.0131,0.0138,0.0117
14,80,0.6201,0.0264,0.0203,0.0066,0.4095,0.0348,0.0087,0.0074,0.071,0.0199,0.0155
14,81,0.3914,0.0274,0.0178,0.0051,0.2764,0.0238,0.0056,0.0054,0.0084,0.0117,0.0098
14,82,0.3372,0.0207,0.0142,0.0046,0.2367,0.0219,0.0054,0.0047,0.008,0.0114,0.0096
14,83,0.4023,0.0191,0.0135,0.0045,0.2792,0.0322,0.0078,0.0063,0.0122,0.015,0.0125
14,84,0.4956,0.026,0.02,0.0066,0.347,0.0352,0.008,0.0073,0.0139,0.0177,0.0139
14,85,0.5482,0.0571,0.0263,0.008,0.3578,0.0364,0.0081,0.0074,0.0132,0.0189,0.015
14,86,0.5345,0.0294,0.0222,0.007,0.3744,0.0374,0.0083,0.0069,0.0141,0.0195,0.0153
14,87,0.5534,0.0285,0.0219,0.0069,0.3877,0.0407,0.0088,0.0079,0.0156,0.0203,0.0151
14,88,0.5503,0.0317,0.0248,0.0074,0.3908,0.0335,0.0077,0.0067,0.0126,0.019,0.0161
14,89,0.5228,0.0308,0.0202,0.0068,0.3677,0.0346,0.0086,0.0071,0.0136,0.0188,0.0146
14,90,0.5292,0.0303,0.0224,0.0077,0.363,0.0391,0.0089,0.0078,0.014,0.0208,0.0152
14,91,0.5805,0.0303,0.0238,0.0076,0.4084,0.0417,0.0093,0.0076,0.0154,0.0207,0.0157
14,92,0.568,0.0301,0.0232,0.0075,0.4008,0.039,0.0089,0.0077,0.0142,0.0206,0.016
14,93,0.5296,0.032,0.0256,0.0073,0.3692,0.0348,0.0084,0.0075,0.0127,0.0188,0.0133
14,94,0.5152,0.0285,0.0204,0.0068,0.365,0.0352,0.0082,0.0071,0.0127,0.0181,0.0132
14,95,0.4862,0.0287,0.0204,0.0069,0.3399,0.0318,0.0078,0.0071,0.0123,0.0171,0.0142
14,96,0.5167,0.028,0.0209,0.0064,0.3693,0.0326,0.0075,0.0073,0.0127,0.0178,0.0142
14,97,0.4815,0.0268,0.0199,0.0068,0.3391,0.0308,0.0073,0.0067,0.0126,0.0175,0.014
14,98,0.6033,0.027,0.0201,0.0063,0.4456,0.0417,0.0083,0.0075,0.0128,0.0197,0.0143
14,99,0.5022,0.03,0.0216,0.007,0.3565,0.0317,0.0072,0.007,0.0115,0.0166,0.0131
14,100,0.4328,0.0276,0.0203,0.0065,0.2995,0.0284,0.0066,0.0065,0.01,0.015,0.0124
